date,Temp,Precipitation,Wind,Snow,Sens_Temp,Holiday,Count
2024-10-01 0:00,17.7,0.0,0.9,0.0,18.86798907,0.0,2.0
2024-10-01 5:00,16.5,0.0,0.9,0.0,17.54792501,0.0,21.0
2024-10-01 6:00,16.6,0.0,0.7,0.0,17.88569458,0.0,29.0
2024-10-01 7:00,19.6,0.0,0.7,0.0,21.12927163,0.0,57.0
2024-10-01 8:00,20.6,0.0,2.1,0.0,21.49703281,0.0,113.0
2024-10-01 9:00,21.4,0.0,0.4,0.0,23.36187973,0.0,127.0
2024-10-01 10:00,20.2,0.0,3.7,0.0,20.5886037,0.0,147.0
2024-10-01 11:00,19.1,1.9,1.1,0.0,20.25854176,0.0,168.0
2024-10-01 12:00,18.8,0.0,3.0,0.0,19.07401949,0.0,282.0
2024-10-01 13:00,18.3,0.1,2.7,0.0,18.57379812,0.0,349.0
2024-10-01 14:00,17.4,0.0,1.6,0.0,18.01763154,0.0,461.0
2024-10-01 15:00,17.5,0.0,2.0,0.0,17.91910705,0.0,469.0
2024-10-01 16:00,17.8,0.0,1.9,0.0,18.31702572,0.0,546.0
2024-10-01 17:00,17.2,0.0,2.3,0.0,17.42840923,0.0,591.0
2024-10-01 18:00,16.5,0.0,1.6,0.0,16.98605184,0.0,595.0
2024-10-01 19:00,15.9,0.0,1.0,0.0,16.78395219,0.0,429.0
2024-10-01 20:00,15.2,0.0,1.4,0.0,15.64545789,0.0,417.0
2024-10-01 21:00,14.2,0.0,1.8,0.0,14.20529583,0.0,316.0
2024-10-01 22:00,13.6,0.0,1.7,0.0,13.58496977,0.0,184.0
2024-10-01 23:00,12.9,0.0,2.8,0.0,12.08437307,0.0,101.0
2024-10-02 0:00,12.4,0.0,1.3,0.0,12.56568942,0.0,2.0
2024-10-02 5:00,11.2,0.0,1.1,0.0,11.44476634,0.0,21.0
2024-10-02 6:00,11.4,0.0,1.3,0.0,11.4366351,0.0,42.0
2024-10-02 7:00,12.9,0.0,0.2,0.0,15.20248386,0.0,168.0
2024-10-02 8:00,14.3,0.0,1.3,0.0,14.71089263,0.0,296.0
2024-10-02 9:00,15.4,0.0,2.5,0.0,15.20963873,0.0,146.0
2024-10-02 10:00,16.3,0.0,3.6,0.0,15.8571678,0.0,122.0
2024-10-02 11:00,19.3,0.0,3.4,0.0,19.56483675,0.0,181.0
2024-10-02 12:00,20.0,0.0,2.6,0.0,20.6300286,0.0,267.0
2024-10-02 13:00,20.4,0.0,4.0,0.0,20.77057796,0.0,324.0
2024-10-02 14:00,20.7,0.0,2.9,0.0,21.38231737,0.0,384.0
2024-10-02 15:00,20.3,0.0,2.1,0.0,21.14617292,0.0,435.0
2024-10-02 16:00,18.9,0.0,2.7,0.0,19.28900927,0.0,515.0
2024-10-02 17:00,16.5,0.0,1.6,0.0,16.98605184,0.0,677.0
2024-10-02 18:00,14.6,0.0,2.1,0.0,14.47983505,0.0,931.0
2024-10-02 19:00,13.6,0.0,0.1,0.0,16.49624061,0.0,467.0
2024-10-02 20:00,13.3,0.0,1.4,0.0,13.48875202,0.0,437.0
2024-10-02 21:00,13.1,0.0,0.8,0.0,13.94689916,0.0,387.0
2024-10-02 22:00,12.7,0.0,0.1,0.0,15.6338547,0.0,227.0
2024-10-02 23:00,12.4,0.0,0.6,0.0,13.52696433,0.0,150.0
2024-10-03 0:00,11.3,0.0,1.4,0.0,11.21853532,1.0,3.0
2024-10-03 5:00,10.7,0.0,1.0,0.0,11.02136904,1.0,21.0
2024-10-03 6:00,11.2,0.0,1.0,0.0,11.57546357,1.0,31.0
2024-10-03 7:00,11.9,0.0,0.4,0.0,13.4645793,1.0,52.0
2024-10-03 8:00,12.9,0.0,0.8,0.0,13.72867529,1.0,86.0
2024-10-03 9:00,14.0,0.0,0.2,0.0,16.29995157,1.0,100.0
2024-10-03 10:00,14.6,0.0,1.5,0.0,14.88414526,1.0,130.0
2024-10-03 11:00,14.7,0.3,1.9,0.0,14.718462,1.0,201.0
2024-10-03 12:00,14.9,0.6,1.0,0.0,15.67576312,1.0,292.0
2024-10-03 13:00,15.5,0.5,1.5,0.0,15.91087373,1.0,407.0
2024-10-03 14:00,14.6,1.3,1.9,0.0,14.6023793,1.0,543.0
2024-10-03 15:00,14.7,1.0,1.0,0.0,15.45412531,1.0,615.0
2024-10-03 16:00,14.4,0.3,1.3,0.0,14.82379806,1.0,688.0
2024-10-03 17:00,14.0,0.0,1.8,0.0,13.97405953,1.0,735.0
2024-10-03 18:00,14.1,0.0,1.9,0.0,14.0219658,1.0,702.0
2024-10-03 19:00,13.9,0.0,2.7,0.0,13.32891636,1.0,627.0
2024-10-03 20:00,13.3,0.0,0.9,0.0,14.02775418,1.0,462.0
2024-10-03 21:00,13.0,0.0,1.2,0.0,13.34436831,1.0,383.0
2024-10-03 22:00,12.6,0.0,1.6,0.0,12.51587314,1.0,168.0
2024-10-03 23:00,12.4,0.0,0.9,0.0,13.03770613,1.0,101.0
2024-10-04 0:00,11.5,0.0,2.0,0.0,10.92747843,0.0,2.0
2024-10-04 5:00,11.9,0.0,1.2,0.0,12.10951315,0.0,36.0
2024-10-04 6:00,12.1,0.0,0.2,0.0,14.40432552,0.0,47.0
2024-10-04 7:00,12.8,0.0,1.7,0.0,12.66391858,0.0,139.0
2024-10-04 8:00,13.9,0.0,1.4,0.0,14.16981703,0.0,272.0
2024-10-04 9:00,15.4,0.0,0.6,0.0,16.73694371,0.0,182.0
2024-10-04 10:00,17.2,0.0,1.1,0.0,18.13877299,0.0,189.0
2024-10-04 11:00,19.4,0.0,1.1,0.0,20.59324209,0.0,297.0
2024-10-04 12:00,21.4,0.0,1.8,0.0,22.52980294,0.0,347.0
2024-10-04 13:00,22.7,0.0,2.4,0.0,23.88232881,0.0,432.0
2024-10-04 14:00,23.0,0.0,1.6,0.0,24.43634968,0.0,546.0
2024-10-04 15:00,23.7,0.0,0.9,0.0,25.46830939,0.0,540.0
2024-10-04 16:00,21.6,0.0,2.0,0.0,22.69671994,0.0,654.0
2024-10-04 17:00,19.4,0.0,1.9,0.0,20.17434893,0.0,734.0
2024-10-04 18:00,17.6,0.0,1.3,0.0,18.43677188,0.0,879.0
2024-10-04 19:00,16.9,0.0,0.8,0.0,18.09315272,0.0,586.0
2024-10-04 20:00,16.3,0.0,1.5,0.0,16.82352126,0.0,460.0
2024-10-04 21:00,15.2,0.0,1.4,0.0,15.64545789,0.0,437.0
2024-10-04 22:00,14.7,0.0,0.8,0.0,15.69269013,0.0,233.0
2024-10-04 23:00,13.8,0.0,0.0,0.0,21.6967,0.0,161.0
2024-10-05 0:00,13.2,0.0,2.0,0.0,12.90843988,1.0,0.0
2024-10-05 5:00,11.4,0.0,0.3,0.0,13.27033047,1.0,21.0
2024-10-05 6:00,11.2,0.0,1.3,0.0,11.21082424,1.0,34.0
2024-10-05 7:00,13.9,0.0,0.4,0.0,15.54822149,1.0,63.0
2024-10-05 8:00,15.8,0.0,0.4,0.0,17.52768158,1.0,114.0
2024-10-05 9:00,19.1,0.0,0.8,0.0,20.49361531,1.0,147.0
2024-10-05 10:00,22.1,0.0,2.9,0.0,23.06032797,1.0,180.0
2024-10-05 11:00,22.4,0.0,2.5,0.0,23.50489372,1.0,217.0
2024-10-05 12:00,22.9,0.0,2.6,0.0,24.07692195,1.0,292.0
2024-10-05 13:00,22.3,0.0,0.4,0.0,24.29951872,1.0,399.0
2024-10-05 14:00,23.5,0.0,1.6,0.0,25.00944951,1.0,469.0
2024-10-05 15:00,23.4,0.0,2.3,0.0,24.72933196,1.0,576.0
2024-10-05 16:00,22.3,0.0,2.6,0.0,23.3637716,1.0,695.0
2024-10-05 17:00,20.6,0.0,2.0,0.0,21.53144851,1.0,704.0
2024-10-05 18:00,18.3,0.0,2.0,0.0,18.8513242,1.0,770.0
2024-10-05 19:00,17.4,0.0,0.6,0.0,18.87692996,1.0,552.0
2024-10-05 20:00,16.5,0.0,1.5,0.0,17.05168314,1.0,559.0
2024-10-05 21:00,15.7,0.0,0.1,0.0,18.50847441,1.0,456.0
2024-10-05 22:00,15.3,0.0,0.0,0.0,22.62895,1.0,269.0
2024-10-05 23:00,15.2,0.0,0.6,0.0,16.52294508,1.0,154.0
2024-10-06 0:00,14.6,0.0,1.0,0.0,15.3433064,1.0,2.0
2024-10-06 5:00,14.0,0.0,1.8,0.0,13.97405953,1.0,20.0
2024-10-06 6:00,14.4,0.0,0.2,0.0,16.69903074,1.0,21.0
2024-10-06 7:00,14.8,0.0,0.9,0.0,15.67783425,1.0,31.0
2024-10-06 8:00,16.3,0.0,0.2,0.0,18.59465679,1.0,66.0
2024-10-06 9:00,17.5,0.0,0.5,0.0,19.12803384,1.0,75.0
2024-10-06 10:00,18.2,0.0,1.1,0.0,19.25444076,1.0,89.0
2024-10-06 11:00,18.8,0.0,1.8,0.0,19.52373093,1.0,125.0
2024-10-06 12:00,18.4,0.0,1.2,0.0,19.40638456,1.0,211.0
2024-10-06 13:00,18.3,0.0,1.7,0.0,18.99614551,1.0,320.0
2024-10-06 14:00,18.5,0.2,1.2,0.0,19.51864412,1.0,315.0
2024-10-06 15:00,18.4,0.0,2.4,0.0,18.80244782,1.0,414.0
2024-10-06 16:00,18.3,0.0,1.5,0.0,19.10514008,1.0,480.0
2024-10-06 17:00,17.5,0.0,0.3,0.0,19.51009729,1.0,521.0
2024-10-06 18:00,17.0,0.0,0.7,0.0,18.31817152,1.0,476.0
2024-10-06 19:00,17.0,0.0,0.7,0.0,18.31817152,1.0,430.0
2024-10-06 20:00,16.8,0.0,1.2,0.0,17.6102316,1.0,312.0
2024-10-06 21:00,16.6,0.0,0.0,0.0,23.4369,1.0,250.0
2024-10-06 22:00,16.3,0.0,0.7,0.0,17.56133687,1.0,176.0
2024-10-06 23:00,16.2,0.0,1.9,0.0,16.45970251,1.0,78.0
2024-10-07 0:00,16.1,0.0,1.4,0.0,16.66705541,0.0,2.0
2024-10-07 5:00,13.8,0.1,1.3,0.0,14.14636547,0.0,25.0
2024-10-07 6:00,14.0,0.0,1.2,0.0,14.46696391,0.0,53.0
2024-10-07 7:00,14.4,0.1,0.6,0.0,15.66695058,0.0,135.0
2024-10-07 8:00,15.6,0.0,0.2,0.0,17.89626824,0.0,284.0
2024-10-07 9:00,17.1,0.0,0.1,0.0,19.84996361,0.0,138.0
2024-10-07 10:00,19.1,0.0,1.3,0.0,20.13035336,0.0,146.0
2024-10-07 11:00,20.0,0.0,0.3,0.0,22.06737877,0.0,202.0
2024-10-07 12:00,19.6,0.0,0.4,0.0,21.48660175,0.0,254.0
2024-10-07 13:00,20.2,0.0,0.5,0.0,21.98220092,0.0,252.0
2024-10-07 14:00,19.7,0.0,1.7,0.0,20.60798509,0.0,333.0
2024-10-07 15:00,19.4,0.0,0.9,0.0,20.73807983,0.0,341.0
2024-10-07 16:00,18.7,0.0,1.2,0.0,19.74316324,0.0,441.0
2024-10-07 17:00,18.6,0.0,0.7,0.0,20.04807928,0.0,549.0
2024-10-07 18:00,18.2,0.0,0.6,0.0,19.73292446,0.0,636.0
2024-10-07 19:00,17.5,0.0,0.6,0.0,18.98392927,0.0,329.0
2024-10-07 20:00,17.1,0.0,0.2,0.0,19.39281513,0.0,248.0
2024-10-07 21:00,16.4,0.0,0.6,0.0,17.80693683,0.0,249.0
2024-10-07 22:00,16.0,0.0,0.1,0.0,18.79593638,0.0,159.0
2024-10-07 23:00,15.4,0.0,1.0,0.0,16.22985766,0.0,59.0
2024-10-08 0:00,14.7,0.0,1.7,0.0,14.85141515,0.0,0.0
2024-10-08 5:00,14.2,0.0,0.0,0.0,21.9453,0.0,32.0
2024-10-08 6:00,14.3,0.0,0.2,0.0,16.59926095,0.0,62.0
2024-10-08 7:00,14.7,0.0,0.4,0.0,16.38167837,0.0,161.0
2024-10-08 8:00,15.3,0.0,0.7,0.0,16.48014452,0.0,301.0
2024-10-08 9:00,16.8,0.0,0.7,0.0,18.10193305,0.0,143.0
2024-10-08 10:00,18.1,0.0,1.0,0.0,19.22196814,0.0,135.0
2024-10-08 11:00,19.0,0.0,1.0,0.0,20.21933831,0.0,201.0
2024-10-08 12:00,21.0,0.0,1.2,0.0,22.32513313,0.0,232.0
2024-10-08 13:00,21.8,0.0,1.5,0.0,23.09797302,0.0,311.0
2024-10-08 14:00,22.0,0.0,2.2,0.0,23.1070455,0.0,306.0
2024-10-08 15:00,21.9,0.0,0.9,0.0,23.48821329,0.0,419.0
2024-10-08 16:00,20.7,0.0,1.6,0.0,21.80009045,0.0,478.0
2024-10-08 17:00,18.7,0.0,1.2,0.0,19.74316324,0.0,603.0
2024-10-08 18:00,17.3,0.0,1.6,0.0,17.90301158,0.0,810.0
2024-10-08 19:00,16.2,0.0,1.4,0.0,16.78056624,0.0,377.0
2024-10-08 20:00,15.9,0.0,0.2,0.0,18.19557762,0.0,390.0
2024-10-08 21:00,15.3,0.0,1.7,0.0,15.54220355,0.0,331.0
2024-10-08 22:00,14.8,0.0,1.8,0.0,14.89900476,0.0,216.0
2024-10-08 23:00,14.4,0.0,1.5,0.0,14.65598338,0.0,152.0
2024-10-09 0:00,14.2,0.0,1.7,0.0,14.27575816,1.0,0.0
2024-10-09 5:00,12.7,0.0,1.3,0.0,12.90440571,1.0,28.0
2024-10-09 6:00,12.7,0.0,0.8,0.0,13.51045142,1.0,32.0
2024-10-09 7:00,15.2,0.0,0.0,0.0,22.5668,1.0,51.0
2024-10-09 8:00,18.7,0.0,1.6,0.0,19.50769111,1.0,90.0
2024-10-09 9:00,20.6,0.0,3.0,0.0,21.2371114,1.0,94.0
2024-10-09 10:00,22.1,0.0,2.9,0.0,23.06032797,1.0,159.0
2024-10-09 11:00,22.5,0.0,4.4,0.0,23.29392281,1.0,223.0
2024-10-09 12:00,23.0,0.0,2.4,0.0,24.23673911,1.0,259.0
2024-10-09 13:00,23.9,0.0,2.5,0.0,25.28244835,1.0,382.0
2024-10-09 14:00,23.6,0.0,3.2,0.0,24.81169507,1.0,493.0
2024-10-09 15:00,22.9,0.0,2.0,0.0,24.21157281,1.0,596.0
2024-10-09 16:00,21.7,0.0,2.1,0.0,22.78351906,1.0,775.0
2024-10-09 17:00,20.9,0.0,1.5,0.0,22.07124455,1.0,722.0
2024-10-09 18:00,19.4,0.0,1.6,0.0,20.31003088,1.0,655.0
2024-10-09 19:00,18.0,0.0,0.4,0.0,19.819688,1.0,443.0
2024-10-09 20:00,18.2,0.0,2.8,0.0,18.4197175,1.0,445.0
2024-10-09 21:00,18.5,0.0,4.8,0.0,18.25238036,1.0,275.0
2024-10-09 22:00,18.3,0.0,4.8,0.0,18.00297377,1.0,174.0
2024-10-09 23:00,17.6,0.0,3.6,0.0,17.44172845,1.0,84.0
2024-10-10 0:00,16.7,0.0,2.9,0.0,16.58800137,0.0,4.0
2024-10-10 5:00,14.0,0.0,0.3,0.0,15.92990321,0.0,28.0
2024-10-10 6:00,13.7,0.0,0.8,0.0,14.60157078,0.0,46.0
2024-10-10 7:00,15.6,0.0,0.7,0.0,16.80450223,0.0,159.0
2024-10-10 8:00,17.9,0.0,0.7,0.0,19.29124464,0.0,305.0
2024-10-10 9:00,18.6,0.0,0.6,0.0,20.16092171,0.0,152.0
2024-10-10 10:00,19.7,0.0,0.1,0.0,22.34130069,0.0,153.0
2024-10-10 11:00,21.9,0.0,2.2,0.0,22.98968277,0.0,197.0
2024-10-10 12:00,20.9,0.0,0.3,0.0,22.9880001,0.0,243.0
2024-10-10 13:00,23.0,0.0,1.3,0.0,24.53366521,0.0,294.0
2024-10-10 14:00,22.4,0.0,0.9,0.0,24.03823999,0.0,357.0
2024-10-10 15:00,22.8,0.0,0.7,0.0,24.58908716,0.0,376.0
2024-10-10 16:00,20.8,0.0,2.2,0.0,21.69869274,0.0,426.0
2024-10-10 17:00,18.8,0.0,1.0,0.0,19.99770049,0.0,490.0
2024-10-10 18:00,18.0,0.0,0.7,0.0,19.39936387,0.0,704.0
2024-10-10 19:00,16.9,0.0,2.4,0.0,17.03039631,0.0,327.0
2024-10-10 20:00,16.2,0.0,1.3,0.0,16.85609583,0.0,312.0
2024-10-10 21:00,15.6,0.0,0.0,0.0,22.8154,0.0,303.0
2024-10-10 22:00,15.1,0.0,1.0,0.0,15.89740094,0.0,185.0
2024-10-10 23:00,14.6,0.0,1.2,0.0,15.14052127,0.0,93.0
2024-10-11 0:00,14.2,0.0,1.3,0.0,14.59798719,0.0,1.0
2024-10-11 5:00,12.9,0.0,0.9,0.0,13.58773282,0.0,34.0
2024-10-11 6:00,12.6,0.0,1.1,0.0,13.00670122,0.0,56.0
2024-10-11 7:00,14.5,0.0,0.0,0.0,22.13175,0.0,162.0
2024-10-11 8:00,17.3,0.0,0.1,0.0,20.04160492,0.0,287.0
2024-10-11 9:00,19.4,0.0,1.7,0.0,20.26259089,0.0,136.0
2024-10-11 10:00,21.2,0.0,2.1,0.0,22.19875258,0.0,121.0
2024-10-11 11:00,22.2,0.0,1.0,0.0,23.76554333,0.0,179.0
2024-10-11 12:00,23.6,0.0,2.0,0.0,25.02726282,0.0,301.0
2024-10-11 13:00,23.3,0.0,1.5,0.0,24.80918714,0.0,330.0
2024-10-11 14:00,23.8,0.0,1.0,0.0,25.53864584,0.0,380.0
2024-10-11 15:00,23.8,0.0,1.5,0.0,25.37959184,0.0,428.0
2024-10-11 16:00,21.4,0.0,1.5,0.0,22.64164925,0.0,519.0
2024-10-11 17:00,20.1,0.0,1.2,0.0,21.31479709,0.0,686.0
2024-10-11 18:00,18.5,0.0,2.1,0.0,19.04101359,0.0,833.0
2024-10-11 19:00,17.4,0.0,1.3,0.0,18.21096102,0.0,533.0
2024-10-11 20:00,16.7,0.0,0.1,0.0,19.46668098,0.0,503.0
2024-10-11 21:00,15.5,0.0,1.0,0.0,16.34067657,0.0,401.0
2024-10-11 22:00,15.3,0.0,0.0,0.0,22.62895,0.0,240.0
2024-10-11 23:00,14.4,0.0,1.1,0.0,15.01490322,0.0,101.0
2024-10-12 0:00,13.9,0.0,0.9,0.0,14.68778621,1.0,1.0
2024-10-12 5:00,12.1,0.0,0.0,0.0,20.64015,1.0,29.0
2024-10-12 6:00,12.0,0.0,0.0,0.0,20.578,1.0,26.0
2024-10-12 7:00,13.2,0.0,0.7,0.0,14.20964058,1.0,70.0
2024-10-12 8:00,16.0,0.0,0.5,0.0,17.54238547,1.0,111.0
2024-10-12 9:00,18.7,0.0,1.4,0.0,19.61833712,1.0,131.0
2024-10-12 10:00,21.0,0.0,1.5,0.0,22.18532549,1.0,180.0
2024-10-12 11:00,22.7,0.0,1.5,0.0,24.12470149,1.0,233.0
2024-10-12 12:00,23.1,0.0,1.6,0.0,24.55096965,1.0,310.0
2024-10-12 13:00,24.0,0.0,1.1,0.0,25.72531386,1.0,418.0
2024-10-12 14:00,23.8,0.0,1.8,0.0,25.30463865,1.0,602.0
2024-10-12 15:00,23.9,0.0,1.5,0.0,25.49367278,1.0,801.0
2024-10-12 16:00,21.4,0.0,2.0,0.0,22.46366566,1.0,859.0
2024-10-12 17:00,20.2,0.0,1.4,0.0,21.32099965,1.0,784.0
2024-10-12 18:00,17.9,0.0,1.8,0.0,18.48316754,1.0,749.0
2024-10-12 19:00,16.9,0.0,0.1,0.0,19.65832229,1.0,582.0
2024-10-12 20:00,16.0,0.0,0.5,0.0,17.54238547,1.0,516.0
2024-10-12 21:00,15.0,0.0,0.3,0.0,16.9528158,1.0,488.0
2024-10-12 22:00,14.3,0.0,0.0,0.0,22.00745,1.0,273.0
2024-10-12 23:00,13.8,0.0,0.6,0.0,15.0249547,1.0,157.0
2024-10-13 0:00,12.9,0.0,0.0,0.0,21.13735,1.0,0.0
2024-10-13 5:00,11.0,0.0,0.3,0.0,12.86116543,1.0,15.0
2024-10-13 6:00,11.1,0.0,0.8,0.0,11.76466045,1.0,17.0
2024-10-13 7:00,13.0,0.0,0.6,0.0,14.1689602,1.0,49.0
2024-10-13 8:00,16.2,0.0,0.5,0.0,17.75380525,1.0,69.0
2024-10-13 9:00,19.0,0.0,0.8,0.0,20.38450337,1.0,95.0
2024-10-13 10:00,19.9,0.0,0.9,0.0,21.28810652,1.0,141.0
2024-10-13 11:00,22.2,0.0,2.3,0.0,23.31625014,1.0,137.0
2024-10-13 12:00,24.2,0.0,3.0,0.0,25.56329521,1.0,227.0
2024-10-13 13:00,23.4,0.0,2.3,0.0,24.72933196,1.0,278.0
2024-10-13 14:00,23.0,0.0,3.0,0.0,24.12123394,1.0,412.0
2024-10-13 15:00,21.9,0.0,2.7,0.0,22.86506501,1.0,485.0
2024-10-13 16:00,21.3,0.0,1.5,0.0,22.52756831,1.0,606.0
2024-10-13 17:00,20.4,0.0,2.4,0.0,21.16518316,1.0,500.0
2024-10-13 18:00,20.3,0.0,3.4,0.0,20.7782911,1.0,517.0
2024-10-13 19:00,19.8,0.0,1.5,0.0,20.8163542,1.0,436.0
2024-10-13 20:00,18.9,0.0,1.1,0.0,20.03540821,1.0,378.0
2024-10-13 21:00,18.9,0.0,0.9,0.0,20.18805314,1.0,227.0
2024-10-13 22:00,19.1,0.0,1.5,0.0,20.01778761,1.0,154.0
2024-10-13 23:00,17.8,0.0,1.8,0.0,18.36754939,1.0,78.0
2024-10-14 0:00,17.3,0.0,0.8,0.0,18.52960046,0.0,1.0
2024-10-14 5:00,16.4,0.0,0.1,0.0,19.17921901,0.0,20.0
2024-10-14 6:00,16.6,0.0,1.9,0.0,16.92403332,0.0,57.0
2024-10-14 7:00,16.9,0.0,1.1,0.0,17.80407266,0.0,138.0
2024-10-14 8:00,17.5,0.0,1.4,0.0,18.2562071,0.0,311.0
2024-10-14 9:00,17.0,0.9,1.0,0.0,18.00296017,0.0,133.0
2024-10-14 10:00,18.5,0.4,1.3,0.0,19.45292077,0.0,123.0
2024-10-14 11:00,18.8,0.0,1.3,0.0,19.79163706,0.0,164.0
2024-10-14 12:00,19.3,0.2,0.8,0.0,20.71183918,0.0,278.0
2024-10-14 13:00,18.8,0.6,1.4,0.0,19.73184796,0.0,245.0
2024-10-14 14:00,19.0,0.4,0.5,0.0,20.71368222,0.0,322.0
2024-10-14 15:00,18.9,0.5,1.1,0.0,20.03540821,0.0,357.0
2024-10-14 16:00,18.8,0.1,0.8,0.0,20.1662795,0.0,374.0
2024-10-14 17:00,18.3,0.3,1.1,0.0,19.36600754,0.0,468.0
2024-10-14 18:00,18.2,1.1,1.8,0.0,18.83002201,0.0,630.0
2024-10-14 19:00,17.6,1.5,2.3,0.0,17.8994365,0.0,294.0
2024-10-14 20:00,17.3,1.7,2.5,0.0,17.46120794,0.0,259.0
2024-10-14 21:00,17.3,0.4,0.7,0.0,18.64252922,0.0,338.0
2024-10-14 22:00,17.0,0.0,1.2,0.0,17.83475072,0.0,138.0
2024-10-14 23:00,17.0,0.2,0.1,0.0,19.75414295,0.0,91.0
2024-10-15 0:00,16.9,2.1,0.9,0.0,17.98794636,0.0,4.0
2024-10-15 5:00,17.1,1.2,0.6,0.0,18.55593202,0.0,25.0
2024-10-15 6:00,17.2,0.4,0.0,0.0,23.8098,0.0,55.0
2024-10-15 7:00,17.6,0.5,0.0,0.0,24.0584,0.0,157.0
2024-10-15 8:00,18.0,0.0,0.0,0.0,24.307,0.0,295.0
2024-10-15 9:00,18.4,0.0,0.0,0.0,24.5556,0.0,137.0
2024-10-15 10:00,19.0,0.0,0.1,0.0,21.67055609,0.0,111.0
2024-10-15 11:00,19.2,0.3,1.0,0.0,20.44097612,0.0,183.0
2024-10-15 12:00,19.6,0.0,0.0,0.0,25.3014,0.0,219.0
2024-10-15 13:00,19.6,0.0,0.3,0.0,21.65821373,0.0,278.0
2024-10-15 14:00,19.6,0.0,0.5,0.0,21.34794157,0.0,314.0
2024-10-15 15:00,20.1,0.0,0.1,0.0,22.72458332,0.0,311.0
2024-10-15 16:00,19.7,0.0,0.0,0.0,25.36355,0.0,391.0
2024-10-15 17:00,19.5,0.0,0.9,0.0,20.84808517,0.0,454.0
2024-10-15 18:00,18.9,0.0,1.0,0.0,20.1085194,0.0,652.0
2024-10-15 19:00,18.7,0.0,0.6,0.0,20.26792103,0.0,307.0
2024-10-15 20:00,18.3,0.0,0.1,0.0,20.99981149,0.0,288.0
2024-10-15 21:00,18.1,0.0,0.0,0.0,24.36915,0.0,284.0
2024-10-15 22:00,18.0,0.0,0.7,0.0,19.39936387,0.0,164.0
2024-10-15 23:00,17.7,0.0,1.6,0.0,18.36149144,0.0,87.0
2024-10-16 0:00,17.7,0.0,0.9,0.0,18.86798907,0.0,0.0
2024-10-16 5:00,17.1,0.0,0.2,0.0,19.39281513,0.0,28.0
2024-10-16 6:00,17.0,0.0,0.7,0.0,18.31817152,0.0,51.0
2024-10-16 7:00,17.7,0.0,0.5,0.0,19.33945363,0.0,159.0
2024-10-16 8:00,19.1,0.0,0.1,0.0,21.76637675,0.0,317.0
2024-10-16 9:00,20.2,0.0,0.4,0.0,22.11169441,0.0,140.0
2024-10-16 10:00,21.9,0.0,1.0,0.0,23.4330866,0.0,117.0
2024-10-16 11:00,23.2,0.0,1.9,0.0,24.58549156,0.0,181.0
2024-10-16 12:00,22.2,0.0,3.1,0.0,23.14009503,0.0,278.0
2024-10-16 13:00,21.4,0.0,2.3,0.0,22.37419559,0.0,281.0
2024-10-16 14:00,22.1,0.0,1.9,0.0,23.30858185,0.0,270.0
2024-10-16 15:00,21.7,0.0,2.1,0.0,22.78351906,0.0,354.0
2024-10-16 16:00,21.1,0.0,0.3,0.0,23.19258262,0.0,420.0
2024-10-16 17:00,19.4,0.0,1.8,0.0,20.21743986,0.0,556.0
2024-10-16 18:00,18.8,0.0,0.1,0.0,21.47891478,0.0,746.0
2024-10-16 19:00,18.2,0.0,1.0,0.0,19.33278705,0.0,350.0
2024-10-16 20:00,17.3,0.0,1.8,0.0,17.78945862,0.0,300.0
2024-10-16 21:00,17.1,0.0,0.5,0.0,18.70519428,0.0,301.0
2024-10-16 22:00,16.3,0.0,1.7,0.0,16.69351753,0.0,160.0
2024-10-16 23:00,15.9,0.0,0.6,0.0,17.27194027,0.0,95.0
2024-10-17 0:00,15.5,0.0,0.4,0.0,17.21513525,0.0,2.0
2024-10-17 5:00,15.5,0.0,0.5,0.0,17.01383601,0.0,22.0
2024-10-17 6:00,15.7,0.0,0.6,0.0,17.05794164,0.0,48.0
2024-10-17 7:00,16.0,0.0,0.5,0.0,17.54238547,0.0,154.0
2024-10-17 8:00,16.5,0.0,0.7,0.0,17.77757534,0.0,292.0
2024-10-17 9:00,18.0,0.0,0.1,0.0,20.71234952,0.0,152.0
2024-10-17 10:00,19.3,0.0,0.3,0.0,21.35133995,0.0,98.0
2024-10-17 11:00,22.6,0.0,2.1,0.0,23.83609873,0.0,203.0
2024-10-17 12:00,23.8,0.0,2.3,0.0,25.20035923,0.0,283.0
2024-10-17 13:00,25.3,0.0,2.0,0.0,27.00822426,0.0,258.0
2024-10-17 14:00,24.7,0.0,3.7,0.0,26.08543214,0.0,331.0
2024-10-17 15:00,24.3,0.0,2.2,0.0,25.80638828,0.0,369.0
2024-10-17 16:00,22.0,0.0,3.2,0.0,22.87931076,0.0,414.0
2024-10-17 17:00,20.8,0.0,4.0,0.0,21.2621975,0.0,533.0
2024-10-17 18:00,19.5,0.0,2.2,0.0,20.17297725,0.0,710.0
2024-10-17 19:00,19.4,0.0,2.1,0.0,20.09359326,0.0,329.0
2024-10-17 20:00,18.2,0.0,0.9,0.0,19.41801577,0.0,343.0
2024-10-17 21:00,19.0,0.0,2.8,0.0,19.3759959,0.0,283.0
2024-10-17 22:00,19.4,0.0,3.3,0.0,19.71234687,0.0,223.0
2024-10-17 23:00,18.9,0.0,3.1,0.0,19.16435481,0.0,96.0
2024-10-18 0:00,18.4,0.0,4.0,0.0,18.3124803,0.0,3.0
2024-10-18 5:00,17.9,0.0,3.3,0.0,17.89639641,0.0,29.0
2024-10-18 6:00,18.2,0.0,4.2,0.0,18.01679108,0.0,53.0
2024-10-18 7:00,18.5,0.0,3.2,0.0,18.6522201,0.0,154.0
2024-10-18 8:00,19.6,0.0,3.1,0.0,20.00769365,0.0,296.0
2024-10-18 9:00,20.0,0.0,4.6,0.0,20.15976008,0.0,155.0
2024-10-18 10:00,19.6,0.0,2.8,0.0,20.09320471,0.0,142.0
2024-10-18 11:00,19.8,2.0,3.2,0.0,20.22228235,0.0,200.0
2024-10-18 12:00,19.4,1.5,1.7,0.0,20.26259089,0.0,326.0
2024-10-18 13:00,19.7,2.9,0.3,0.0,21.76050499,0.0,366.0
2024-10-18 14:00,19.7,5.0,1.7,0.0,20.60798509,0.0,350.0
2024-10-18 15:00,19.5,2.7,0.9,0.0,20.84808517,0.0,443.0
2024-10-18 16:00,19.6,0.6,0.9,0.0,20.95809051,0.0,436.0
2024-10-18 17:00,20.0,4.9,1.4,0.0,21.09397798,0.0,633.0
2024-10-18 18:00,21.5,19.4,2.2,0.0,22.52023185,0.0,698.0
2024-10-18 19:00,21.9,2.2,1.3,0.0,23.29170545,0.0,402.0
2024-10-18 20:00,22.4,0.2,2.1,0.0,23.60219214,0.0,333.0
2024-10-18 21:00,22.9,0.0,2.2,0.0,24.16331007,0.0,327.0
2024-10-18 22:00,22.9,0.0,2.8,0.0,24.03785313,0.0,195.0
2024-10-18 23:00,22.6,0.2,1.9,0.0,23.88899536,0.0,131.0
2024-10-19 0:00,22.8,0.1,2.6,0.0,23.95806355,1.0,1.0
2024-10-19 5:00,20.5,0.0,3.3,0.0,21.04404388,1.0,29.0
2024-10-19 6:00,19.0,0.0,1.5,0.0,19.90370667,1.0,41.0
2024-10-19 7:00,18.0,0.0,2.3,0.0,18.37046377,1.0,57.0
2024-10-19 8:00,18.0,0.0,2.7,0.0,18.21619254,1.0,128.0
2024-10-19 9:00,17.7,0.0,4.4,0.0,17.3496761,1.0,146.0
2024-10-19 10:00,17.4,0.0,2.7,0.0,17.50098139,1.0,196.0
2024-10-19 11:00,17.5,0.0,2.0,0.0,17.91910705,1.0,218.0
2024-10-19 12:00,18.1,0.0,2.9,0.0,18.26601197,1.0,274.0
2024-10-19 13:00,18.0,0.0,2.3,0.0,18.37046377,1.0,393.0
2024-10-19 14:00,17.7,0.0,1.4,0.0,18.48322877,1.0,444.0
2024-10-19 15:00,17.5,0.5,2.1,0.0,17.87148063,1.0,573.0
2024-10-19 16:00,17.5,0.0,3.6,0.0,17.31983917,1.0,651.0
2024-10-19 17:00,16.6,0.0,4.1,0.0,16.07114907,1.0,595.0
2024-10-19 18:00,15.8,0.0,3.2,0.0,15.39132159,1.0,655.0
2024-10-19 19:00,15.2,0.0,3.9,0.0,14.41262237,1.0,525.0
2024-10-19 20:00,14.7,0.0,3.4,0.0,13.98294672,1.0,464.0
2024-10-19 21:00,14.0,0.0,4.9,0.0,12.61039559,1.0,473.0
2024-10-19 22:00,13.5,0.0,4.6,0.0,12.08163921,1.0,281.0
2024-10-19 23:00,13.2,0.0,3.7,0.0,12.03798168,1.0,143.0
2024-10-20 0:00,12.9,0.0,6.0,0.0,10.91030119,1.0,3.0
2024-10-20 5:00,11.3,0.0,5.6,0.0,9.002330518,1.0,20.0
2024-10-20 6:00,11.1,0.0,3.3,0.0,9.664087658,1.0,28.0
2024-10-20 7:00,12.5,0.0,4.6,0.0,10.83885138,1.0,27.0
2024-10-20 8:00,14.3,0.0,6.5,0.0,12.56785846,1.0,74.0
2024-10-20 9:00,15.6,0.0,5.2,0.0,14.53055876,1.0,95.0
2024-10-20 10:00,16.6,0.0,5.1,0.0,15.80938904,1.0,106.0
2024-10-20 11:00,17.1,0.0,5.9,0.0,16.26348739,1.0,151.0
2024-10-20 12:00,17.0,0.0,6.2,0.0,16.07654249,1.0,224.0
2024-10-20 13:00,15.7,0.0,5.1,0.0,14.68157195,1.0,262.0
2024-10-20 14:00,15.4,0.0,5.8,0.0,14.13128242,1.0,318.0
2024-10-20 15:00,14.9,0.0,6.2,0.0,13.4028649,1.0,482.0
2024-10-20 16:00,14.2,0.0,4.9,0.0,12.8602156,1.0,520.0
2024-10-20 17:00,13.6,0.0,3.5,0.0,12.60666006,1.0,551.0
2024-10-20 18:00,13.1,0.0,3.4,0.0,12.04141976,1.0,564.0
2024-10-20 19:00,12.4,0.0,1.6,0.0,12.2866332,1.0,393.0
2024-10-20 20:00,11.9,0.0,0.6,0.0,12.99196776,1.0,352.0
2024-10-20 21:00,11.0,0.0,0.7,0.0,11.83101741,1.0,247.0
2024-10-20 22:00,10.3,0.0,1.9,0.0,9.610823175,1.0,134.0
2024-10-20 23:00,10.2,0.0,1.5,0.0,9.864583849,1.0,80.0
2024-10-21 0:00,9.5,0.0,1.9,0.0,8.68216157,0.0,1.0
2024-10-21 5:00,8.7,0.0,1.9,0.0,7.753499965,0.0,25.0
2024-10-21 6:00,9.1,0.0,0.8,0.0,9.582421735,0.0,56.0
2024-10-21 7:00,10.1,0.0,1.9,0.0,9.378657774,0.0,114.0
2024-10-21 8:00,12.3,0.0,0.7,0.0,13.23656747,0.0,314.0
2024-10-21 9:00,14.4,0.0,0.6,0.0,15.66695058,0.0,148.0
2024-10-21 10:00,14.2,0.0,1.9,0.0,14.1380485,0.0,150.0
2024-10-21 11:00,15.5,0.0,1.6,0.0,15.83985217,0.0,192.0
2024-10-21 12:00,17.1,0.0,1.0,0.0,18.11377908,0.0,245.0
2024-10-21 13:00,18.2,0.0,0.4,0.0,20.02805222,0.0,231.0
2024-10-21 14:00,18.4,0.0,0.5,0.0,20.07942287,0.0,371.0
2024-10-21 15:00,18.5,0.0,0.7,0.0,19.93996005,0.0,370.0
2024-10-21 16:00,17.5,0.0,1.6,0.0,18.13225151,0.0,431.0
2024-10-21 17:00,16.6,0.0,1.1,0.0,17.46937232,0.0,536.0
2024-10-21 18:00,16.1,0.0,0.5,0.0,17.64809536,0.0,677.0
2024-10-21 19:00,16.1,0.0,2.1,0.0,16.23413449,0.0,312.0
2024-10-21 20:00,15.8,0.0,1.9,0.0,15.99537171,0.0,275.0
2024-10-21 21:00,15.5,0.1,0.6,0.0,16.84394302,0.0,308.0
2024-10-21 22:00,15.1,0.1,1.2,0.0,15.70181907,0.0,136.0
2024-10-21 23:00,15.0,0.2,0.1,0.0,17.83772981,0.0,86.0
2024-10-22 0:00,14.9,0.3,0.2,0.0,17.1978797,0.0,1.0
2024-10-22 5:00,14.9,0.3,1.2,0.0,15.47729995,0.0,21.0
2024-10-22 6:00,15.0,0.1,0.6,0.0,16.30894646,0.0,46.0
2024-10-22 7:00,15.4,0.6,0.8,0.0,16.45647368,0.0,132.0
2024-10-22 8:00,15.8,0.4,0.6,0.0,17.16494096,0.0,310.0
2024-10-22 9:00,16.2,0.4,1.9,0.0,16.45970251,0.0,161.0
2024-10-22 10:00,16.9,0.5,1.0,0.0,17.89214126,0.0,109.0
2024-10-22 11:00,17.4,0.3,0.7,0.0,18.75064846,0.0,189.0
2024-10-22 12:00,17.7,0.2,1.6,0.0,18.36149144,0.0,261.0
2024-10-22 13:00,17.9,0.0,1.6,0.0,18.59073138,0.0,286.0
2024-10-22 14:00,17.9,1.6,0.0,0.0,24.24485,0.0,330.0
2024-10-22 15:00,18.1,0.1,0.5,0.0,19.76229319,0.0,358.0
2024-10-22 16:00,17.8,1.2,2.5,0.0,18.05372616,0.0,412.0
2024-10-22 17:00,17.9,0.4,0.7,0.0,19.29124464,0.0,476.0
2024-10-22 18:00,17.9,0.4,1.8,0.0,18.48316754,0.0,651.0
2024-10-22 19:00,17.6,0.4,2.3,0.0,17.8994365,0.0,310.0
2024-10-22 20:00,17.6,0.3,2.0,0.0,18.0356342,0.0,287.0
2024-10-22 21:00,17.6,0.4,2.2,0.0,17.94308538,0.0,338.0
2024-10-22 22:00,17.3,0.4,2.0,0.0,17.68605277,0.0,153.0
2024-10-22 23:00,16.6,1.4,2.6,0.0,16.58884329,0.0,69.0
2024-10-23 0:00,16.0,0.9,1.1,0.0,16.79997166,0.0,5.0
2024-10-23 5:00,13.8,0.0,2.7,0.0,13.2097145,0.0,28.0
2024-10-23 6:00,13.8,0.0,2.6,0.0,13.26080834,0.0,47.0
2024-10-23 7:00,13.9,0.0,2.9,0.0,13.23198016,0.0,161.0
2024-10-23 8:00,13.9,0.0,2.7,0.0,13.32891636,0.0,309.0
2024-10-23 9:00,15.0,0.0,3.2,0.0,14.42512943,0.0,146.0
2024-10-23 10:00,15.2,0.0,2.8,0.0,14.83367348,0.0,143.0
2024-10-23 11:00,15.8,0.0,2.8,0.0,15.55088228,0.0,204.0
2024-10-23 12:00,17.5,0.0,2.1,0.0,17.87148063,0.0,267.0
2024-10-23 13:00,18.1,0.0,2.5,0.0,18.40923708,0.0,297.0
2024-10-23 14:00,18.1,0.0,2.3,0.0,18.48822059,0.0,342.0
2024-10-23 15:00,17.5,0.0,2.6,0.0,17.65856882,0.0,352.0
2024-10-23 16:00,14.9,0.0,4.3,0.0,13.91340038,0.0,472.0
2024-10-23 17:00,13.4,0.0,2.2,0.0,13.01385072,0.0,531.0
2024-10-23 18:00,12.7,0.0,0.6,0.0,13.84796226,0.0,705.0
2024-10-23 19:00,11.4,0.0,1.9,0.0,10.88773288,0.0,348.0
2024-10-23 20:00,10.8,0.0,0.8,0.0,11.43732464,0.0,310.0
2024-10-23 21:00,10.2,0.0,0.8,0.0,10.78265303,0.0,349.0
2024-10-23 22:00,10.0,0.0,1.4,0.0,9.742894457,0.0,162.0
2024-10-23 23:00,9.1,0.0,0.0,0.0,18.77565,0.0,98.0
2024-10-24 0:00,8.8,0.0,0.0,0.0,18.5892,0.0,0.0
2024-10-24 5:00,6.7,0.0,1.9,0.0,5.431845951,0.0,29.0
2024-10-24 6:00,6.4,0.0,1.2,0.0,5.935237337,0.0,45.0
2024-10-24 7:00,8.5,0.0,0.0,0.0,18.40275,0.0,158.0
2024-10-24 8:00,11.3,0.0,1.0,0.0,11.68628248,0.0,286.0
2024-10-24 9:00,13.1,0.0,0.9,0.0,13.8077435,0.0,140.0
2024-10-24 10:00,14.6,0.0,1.3,0.0,15.04960892,0.0,164.0
2024-10-24 11:00,16.4,0.0,1.6,0.0,16.87143187,0.0,191.0
2024-10-24 12:00,17.4,0.0,2.9,0.0,17.42700667,0.0,268.0
2024-10-24 13:00,17.8,0.0,2.9,0.0,17.90643827,0.0,318.0
2024-10-24 14:00,19.0,0.0,2.3,0.0,19.54803196,0.0,318.0
2024-10-24 15:00,18.3,0.0,3.0,0.0,18.47316063,0.0,388.0
2024-10-24 16:00,16.1,0.0,1.6,0.0,16.52757197,0.0,442.0
2024-10-24 17:00,14.6,0.0,1.8,0.0,14.66776845,0.0,513.0
2024-10-24 18:00,13.1,0.0,1.4,0.0,13.26173035,0.0,749.0
2024-10-24 19:00,11.8,0.0,0.6,0.0,12.88496845,0.0,349.0
2024-10-24 20:00,11.0,0.0,1.5,0.0,10.77723138,0.0,370.0
2024-10-24 21:00,10.5,0.0,0.0,0.0,19.64575,0.0,356.0
2024-10-24 22:00,10.1,0.0,1.0,0.0,10.3564556,0.0,185.0
2024-10-24 23:00,9.3,0.0,0.3,0.0,11.12221403,0.0,117.0
2024-10-25 0:00,9.2,0.0,0.3,0.0,11.01992277,0.0,6.0
2024-10-25 5:00,7.9,0.0,0.0,0.0,18.02985,0.0,35.0
2024-10-25 6:00,7.5,0.0,0.1,0.0,10.65118053,0.0,39.0
2024-10-25 7:00,9.1,0.0,0.0,0.0,18.77565,0.0,153.0
2024-10-25 8:00,12.1,0.0,0.8,0.0,12.85577981,0.0,293.0
2024-10-25 9:00,15.0,0.0,0.4,0.0,16.6942247,0.0,155.0
2024-10-25 10:00,17.8,0.0,1.3,0.0,18.66258274,0.0,170.0
2024-10-25 11:00,20.1,0.0,1.5,0.0,21.15859702,0.0,214.0
2024-10-25 12:00,21.6,0.0,3.1,0.0,22.41723317,0.0,265.0
2024-10-25 13:00,21.9,0.0,2.7,0.0,22.86506501,0.0,349.0
2024-10-25 14:00,21.6,0.0,2.2,0.0,22.63759458,0.0,405.0
2024-10-25 15:00,20.1,0.0,2.4,0.0,20.81077286,0.0,449.0
2024-10-25 16:00,18.7,0.0,1.8,0.0,19.40811278,0.0,530.0
2024-10-25 17:00,17.3,0.0,1.7,0.0,17.84483152,0.0,656.0
2024-10-25 18:00,16.5,0.0,1.6,0.0,16.98605184,0.0,761.0
2024-10-25 19:00,15.3,0.0,1.5,0.0,15.68271185,0.0,485.0
2024-10-25 20:00,14.7,0.0,0.7,0.0,15.83142911,0.0,434.0
2024-10-25 21:00,14.1,0.0,1.2,0.0,14.57922347,0.0,452.0
2024-10-25 22:00,13.9,0.0,1.6,0.0,14.00593271,0.0,238.0
2024-10-25 23:00,13.5,0.0,1.6,0.0,13.54745284,0.0,164.0
2024-10-26 0:00,12.9,0.0,1.7,0.0,12.77904998,1.0,0.0
2024-10-26 5:00,10.8,0.0,0.1,0.0,13.81326221,1.0,21.0
2024-10-26 6:00,10.5,0.0,0.0,0.0,19.64575,1.0,42.0
2024-10-26 7:00,12.3,0.0,0.0,0.0,20.76445,1.0,62.0
2024-10-26 8:00,15.3,0.0,0.1,0.0,18.12519178,1.0,109.0
2024-10-26 9:00,18.7,0.0,1.7,0.0,19.4566711,1.0,154.0
2024-10-26 10:00,21.0,0.0,4.5,0.0,21.41928907,1.0,199.0
2024-10-26 11:00,22.7,0.0,4.4,0.0,23.54159975,1.0,214.0
2024-10-26 12:00,23.6,0.0,3.6,0.0,24.75508532,1.0,271.0
2024-10-26 13:00,23.9,0.0,4.7,0.0,24.99640485,1.0,363.0
2024-10-26 14:00,24.0,0.0,4.3,0.0,25.16209053,1.0,482.0
2024-10-26 15:00,23.1,0.0,3.3,0.0,24.19169134,1.0,596.0
2024-10-26 16:00,20.8,0.0,3.3,0.0,21.40723397,1.0,701.0
2024-10-26 17:00,19.6,0.0,3.0,0.0,20.03539367,1.0,737.0
2024-10-26 18:00,18.8,0.0,2.9,0.0,19.10501727,1.0,701.0
2024-10-26 19:00,18.1,0.0,2.4,0.0,18.44803752,1.0,575.0
2024-10-26 20:00,17.4,0.0,2.4,0.0,17.62108015,1.0,533.0
2024-10-26 21:00,17.0,0.0,3.6,0.0,16.71039277,1.0,449.0
2024-10-26 22:00,16.5,0.0,3.1,0.0,16.27290738,1.0,306.0
2024-10-26 23:00,15.6,0.0,1.7,0.0,15.88759774,1.0,146.0
2024-10-27 0:00,14.0,0.0,1.6,0.0,14.12055267,1.0,2.0
2024-10-27 5:00,12.9,0.0,0.2,0.0,15.20248386,1.0,23.0
2024-10-27 6:00,13.1,0.0,0.6,0.0,14.27595952,1.0,31.0
2024-10-27 7:00,13.9,0.0,0.8,0.0,14.81979465,1.0,41.0
2024-10-27 8:00,14.7,0.0,0.5,0.0,16.16815687,1.0,65.0
2024-10-27 9:00,15.9,0.0,1.1,0.0,16.68840488,1.0,99.0
2024-10-27 10:00,16.1,0.0,0.8,0.0,17.22025723,1.0,144.0
2024-10-27 11:00,17.1,0.0,0.1,0.0,19.84996361,1.0,206.0
2024-10-27 12:00,17.4,0.0,0.3,0.0,19.40780603,1.0,359.0
2024-10-27 13:00,17.7,0.0,0.1,0.0,20.42488755,1.0,367.0
2024-10-27 14:00,17.7,0.0,1.3,0.0,18.54967731,1.0,403.0
2024-10-27 15:00,17.6,0.0,1.9,0.0,18.08486032,1.0,507.0
2024-10-27 16:00,17.1,0.0,1.7,0.0,17.61456872,1.0,578.0
2024-10-27 17:00,16.7,0.0,1.4,0.0,17.34812042,1.0,598.0
2024-10-27 18:00,16.6,0.0,1.5,0.0,17.16576408,1.0,515.0
2024-10-27 19:00,15.7,0.6,0.6,0.0,17.05794164,1.0,529.0
2024-10-27 20:00,15.2,0.1,1.9,0.0,15.29887551,1.0,450.0
2024-10-27 21:00,14.5,0.0,1.0,0.0,15.2324875,1.0,267.0
2024-10-27 22:00,14.2,0.0,0.6,0.0,15.45295195,1.0,134.0
2024-10-27 23:00,14.1,0.0,0.0,0.0,21.88315,1.0,64.0
2024-10-28 0:00,13.6,0.0,0.2,0.0,15.9008724,0.0,1.0
2024-10-28 5:00,12.8,0.0,1.2,0.0,13.11984919,0.0,26.0
2024-10-28 6:00,12.4,0.0,0.2,0.0,14.7036349,0.0,55.0
2024-10-28 7:00,12.3,0.0,1.2,0.0,12.55855139,0.0,119.0
2024-10-28 8:00,13.2,0.0,0.6,0.0,14.38295883,0.0,291.0
2024-10-28 9:00,14.8,0.0,0.6,0.0,16.09494783,0.0,150.0
2024-10-28 10:00,16.3,0.0,1.0,0.0,17.22722782,0.0,134.0
2024-10-28 11:00,17.1,0.0,1.0,0.0,18.11377908,0.0,188.0
2024-10-28 12:00,16.2,0.0,1.9,0.0,16.45970251,0.0,228.0
2024-10-28 13:00,16.7,0.0,1.5,0.0,17.27984502,0.0,271.0
2024-10-28 14:00,16.7,0.0,2.2,0.0,16.88682081,0.0,293.0
2024-10-28 15:00,16.8,0.0,4.3,0.0,16.262028,0.0,369.0
2024-10-28 16:00,16.4,0.0,4.0,0.0,15.85438263,0.0,382.0
2024-10-28 17:00,15.7,0.0,3.0,0.0,15.34869454,0.0,500.0
2024-10-28 18:00,15.7,0.0,4.0,0.0,14.99404845,0.0,752.0
2024-10-28 19:00,15.5,0.0,1.9,0.0,15.64712361,0.0,319.0
2024-10-28 20:00,15.5,0.0,4.7,0.0,14.53899825,0.0,270.0
2024-10-28 21:00,14.8,0.0,3.5,0.0,14.06610752,0.0,283.0
2024-10-28 22:00,14.4,0.0,3.7,0.0,13.5038026,0.0,164.0
2024-10-28 23:00,14.3,0.0,4.3,0.0,13.17172851,0.0,67.0
2024-10-29 0:00,13.7,0.0,3.3,0.0,12.81173512,0.0,1.0
2024-10-29 5:00,12.5,0.0,1.7,0.0,12.31852438,0.0,23.0
2024-10-29 6:00,12.0,0.0,0.3,0.0,13.88407803,0.0,53.0
2024-10-29 7:00,13.0,0.0,3.0,0.0,12.10405668,0.0,139.0
2024-10-29 8:00,14.0,0.0,0.3,0.0,15.92990321,0.0,281.0
2024-10-29 9:00,15.2,0.0,1.7,0.0,15.42707215,0.0,132.0
2024-10-29 10:00,17.7,0.0,4.7,0.0,17.27784284,0.0,104.0
2024-10-29 11:00,17.9,0.0,4.2,0.0,17.64664803,0.0,160.0
2024-10-29 12:00,18.5,0.0,3.1,0.0,18.68244691,0.0,228.0
2024-10-29 13:00,19.9,0.0,2.3,0.0,20.60784332,0.0,340.0
2024-10-29 14:00,19.4,0.0,1.3,0.0,20.46906966,0.0,307.0
2024-10-29 15:00,20.3,0.0,0.1,0.0,22.91622464,0.0,335.0
2024-10-29 16:00,17.9,0.0,0.6,0.0,19.41192652,0.0,403.0
2024-10-29 17:00,16.0,0.0,2.0,0.0,16.1711999,0.0,513.0
2024-10-29 18:00,15.3,0.0,1.4,0.0,15.75896872,0.0,720.0
2024-10-29 19:00,14.9,0.0,1.0,0.0,15.67576312,0.0,353.0
2024-10-29 20:00,13.8,0.0,0.5,0.0,15.21676785,0.0,349.0
2024-10-29 21:00,13.1,0.0,1.7,0.0,13.00931277,0.0,287.0
2024-10-29 22:00,12.4,0.0,1.3,0.0,12.56568942,0.0,160.0
2024-10-29 23:00,11.8,0.0,1.0,0.0,12.24037701,0.0,90.0
2024-10-30 0:00,11.3,0.0,1.2,0.0,11.43595579,0.0,3.0
2024-10-30 5:00,10.2,0.0,0.8,0.0,10.78265303,0.0,27.0
2024-10-30 6:00,9.8,0.0,0.0,0.0,19.2107,0.0,51.0
2024-10-30 7:00,10.7,0.0,1.8,0.0,10.15866043,0.0,158.0
2024-10-30 8:00,13.5,0.0,0.1,0.0,16.40041995,0.0,268.0
2024-10-30 9:00,16.2,0.0,1.0,0.0,17.11640891,0.0,141.0
2024-10-30 10:00,17.5,0.0,1.9,0.0,17.96877762,0.0,138.0
2024-10-30 11:00,20.0,0.0,1.7,0.0,20.95337928,0.0,190.0
2024-10-30 12:00,20.0,0.0,1.2,0.0,21.20253753,0.0,232.0
2024-10-30 13:00,20.8,0.0,1.1,0.0,22.15517698,0.0,297.0
2024-10-30 14:00,20.8,0.0,1.4,0.0,22.00206466,0.0,324.0
2024-10-30 15:00,20.7,0.0,2.0,0.0,21.64797565,0.0,376.0
2024-10-30 16:00,18.3,0.0,1.6,0.0,19.04921124,0.0,432.0
2024-10-30 17:00,16.4,0.0,2.3,0.0,16.48635468,0.0,536.0
2024-10-30 18:00,14.7,0.0,2.2,0.0,14.53956621,0.0,676.0
2024-10-30 19:00,15.2,0.0,2.4,0.0,15.02207127,0.0,326.0
2024-10-30 20:00,14.0,0.0,0.4,0.0,15.6524036,0.0,326.0
2024-10-30 21:00,13.4,0.0,1.1,0.0,13.89923544,0.0,342.0
2024-10-30 22:00,12.5,0.0,0.9,0.0,13.14771147,0.0,195.0
2024-10-30 23:00,11.7,0.0,0.4,0.0,13.25621508,0.0,114.0
2024-10-31 0:00,11.3,0.0,0.2,0.0,13.60616718,0.0,0.0
2024-10-31 5:00,9.1,0.0,1.6,0.0,8.504174302,0.0,29.0
2024-10-31 6:00,9.2,0.0,0.3,0.0,11.01992277,0.0,57.0
2024-10-31 7:00,9.8,0.0,0.1,0.0,12.85505564,0.0,157.0
2024-10-31 8:00,12.6,0.0,0.0,0.0,20.9509,0.0,247.0
2024-10-31 9:00,16.0,0.0,0.6,0.0,17.37893958,0.0,146.0
2024-10-31 10:00,18.2,0.0,1.2,0.0,19.18186544,0.0,130.0
2024-10-31 11:00,20.0,0.0,1.7,0.0,20.95337928,0.0,225.0
2024-10-31 12:00,21.4,0.0,0.8,0.0,23.00318983,0.0,242.0
2024-10-31 13:00,22.8,0.0,0.9,0.0,24.47826134,0.0,281.0
2024-10-31 14:00,22.0,0.0,1.4,0.0,23.36419468,0.0,331.0
2024-10-31 15:00,22.3,0.0,0.5,0.0,24.20210865,0.0,409.0
2024-10-31 16:00,19.1,0.0,1.5,0.0,20.01778761,0.0,445.0
2024-10-31 17:00,16.9,0.0,2.2,0.0,17.12154627,0.0,556.0
2024-10-31 18:00,15.8,0.0,0.7,0.0,17.0207407,0.0,755.0
2024-10-31 19:00,14.6,0.0,1.5,0.0,14.88414526,0.0,380.0
2024-10-31 20:00,13.6,0.0,1.4,0.0,13.82928453,0.0,371.0
2024-10-31 21:00,13.1,0.0,0.6,0.0,14.27595952,0.0,333.0
2024-10-31 22:00,12.3,0.0,1.9,0.0,11.93247719,0.0,226.0
2024-10-31 23:00,12.1,0.0,0.3,0.0,13.98636929,0.0,140.0
2024-11-01 0:00,12.1,0.0,0.1,0.0,15.05893075,0.0,0.0
2024-11-01 5:00,12.0,0.0,1.8,0.0,11.66169644,0.0,0.0
2024-11-01 6:00,12.2,0.0,0.0,0.0,20.7023,0.0,0.0
2024-11-01 7:00,12.5,0.0,0.6,0.0,13.63396364,0.0,0.0
2024-11-01 8:00,12.7,0.6,1.7,0.0,12.54878718,0.0,0.0
2024-11-01 9:00,13.1,0.0,0.4,0.0,14.71476461,0.0,0.0
2024-11-01 10:00,13.5,0.0,2.5,0.0,12.95806953,0.0,0.0
2024-11-01 11:00,13.4,1.0,2.8,0.0,12.68204707,0.0,0.0
2024-11-01 12:00,13.5,0.0,2.3,0.0,13.07140695,0.0,0.0
2024-11-01 13:00,14.6,0.0,0.7,0.0,15.72330987,0.0,0.0
2024-11-01 14:00,14.7,0.0,0.9,0.0,15.56782892,0.0,0.0
2024-11-01 15:00,14.3,0.0,1.6,0.0,14.46441257,0.0,0.0
2024-11-01 16:00,14.5,0.0,1.6,0.0,14.69365251,0.0,0.0
2024-11-01 17:00,13.7,0.0,0.6,0.0,14.91795539,0.0,0.0
2024-11-01 18:00,13.7,0.0,1.3,0.0,14.03346003,0.0,0.0
2024-11-01 19:00,13.5,0.0,1.1,0.0,14.01080222,0.0,0.0
2024-11-01 20:00,13.4,0.0,2.0,0.0,13.14149416,0.0,0.0
2024-11-01 21:00,13.6,0.0,0.9,0.0,14.35777019,0.0,0.0
2024-11-01 22:00,14.0,0.0,3.0,0.0,13.30577441,0.0,0.0
2024-11-01 23:00,14.8,0.0,2.0,0.0,14.77287417,0.0,0.0
2024-11-02 0:00,14.6,0.0,2.2,0.0,14.42220348,1.0,0.0
2024-11-02 5:00,13.4,0.1,0.7,0.0,14.42587905,1.0,0.0
2024-11-02 6:00,13.6,0.0,1.3,0.0,13.9205546,1.0,0.0
2024-11-02 7:00,13.8,0.0,0.1,0.0,16.68788192,1.0,0.0
2024-11-02 8:00,14.9,0.0,0.5,0.0,16.37957666,1.0,0.0
2024-11-02 9:00,16.0,0.0,0.9,0.0,16.99789832,1.0,0.0
2024-11-02 10:00,18.6,0.0,1.4,0.0,19.50482629,1.0,0.0
2024-11-02 11:00,20.0,0.0,1.9,0.0,20.87084514,1.0,0.0
2024-11-02 12:00,21.6,0.0,0.6,0.0,23.37090109,1.0,0.0
2024-11-02 13:00,23.1,0.0,1.5,0.0,24.58102525,1.0,0.0
2024-11-02 14:00,23.3,0.0,2.1,0.0,24.6547718,1.0,0.0
2024-11-02 15:00,23.1,0.0,1.8,0.0,24.49531157,1.0,0.0
2024-11-02 16:00,20.7,0.0,1.5,0.0,21.84308267,1.0,0.0
2024-11-02 17:00,18.7,0.0,2.3,0.0,19.1947615,1.0,0.0
2024-11-02 18:00,17.4,0.0,0.3,0.0,19.40780603,1.0,0.0
2024-11-02 19:00,16.9,0.0,1.2,0.0,17.72249116,1.0,0.0
2024-11-02 20:00,15.7,0.0,1.3,0.0,16.29156867,1.0,0.0
2024-11-02 21:00,14.9,0.0,1.6,0.0,15.15213237,1.0,0.0
2024-11-02 22:00,14.6,0.0,1.6,0.0,14.80827247,1.0,0.0
2024-11-02 23:00,14.0,0.0,0.5,0.0,15.42818763,1.0,0.0
2024-11-03 0:00,13.6,0.0,0.2,0.0,15.9008724,1.0,0.0
2024-11-03 5:00,11.1,0.0,1.3,0.0,11.0979188,1.0,0.0
2024-11-03 6:00,10.8,0.0,1.2,0.0,10.87465799,1.0,0.0
2024-11-03 7:00,12.0,0.0,0.5,0.0,13.31398979,1.0,0.0
2024-11-03 8:00,14.5,0.0,0.9,0.0,15.34781824,1.0,0.0
2024-11-03 9:00,17.4,0.0,1.4,0.0,18.14269626,1.0,0.0
2024-11-03 10:00,19.9,0.0,3.4,0.0,20.29290936,1.0,0.0
2024-11-03 11:00,20.6,0.0,2.4,0.0,21.4014567,1.0,0.0
2024-11-03 12:00,21.5,0.0,1.3,0.0,22.84008373,1.0,0.0
2024-11-03 13:00,22.7,0.0,1.5,0.0,24.12470149,1.0,0.0
2024-11-03 14:00,23.4,0.0,0.4,0.0,25.44552193,1.0,0.0
2024-11-03 15:00,21.9,0.0,2.0,0.0,23.04630137,1.0,0.0
2024-11-03 16:00,21.2,0.0,1.3,0.0,22.50136743,1.0,0.0
2024-11-03 17:00,18.8,0.0,0.7,0.0,20.26431775,1.0,0.0
2024-11-03 18:00,17.3,0.0,1.0,0.0,18.33541689,1.0,0.0
2024-11-03 19:00,16.0,0.0,0.8,0.0,17.1111453,1.0,0.0
2024-11-03 20:00,15.5,0.0,1.3,0.0,16.06575781,1.0,0.0
2024-11-03 21:00,14.5,0.0,1.5,0.0,14.77006432,1.0,0.0
2024-11-03 22:00,13.9,0.0,0.3,0.0,15.82761195,1.0,0.0
2024-11-03 23:00,13.2,0.0,1.2,0.0,13.56888743,1.0,0.0
2024-11-04 0:00,12.6,0.0,0.7,0.0,13.56092517,0.0,0.0
2024-11-04 5:00,13.5,0.0,1.6,0.0,13.54745284,0.0,0.0
2024-11-04 6:00,13.8,0.0,1.2,0.0,14.24244479,0.0,0.0
2024-11-04 7:00,14.9,0.0,2.7,0.0,14.52093494,0.0,0.0
2024-11-04 8:00,15.5,0.0,2.3,0.0,15.42654332,0.0,0.0
2024-11-04 9:00,16.8,0.0,2.6,0.0,16.82656008,0.0,0.0
2024-11-04 10:00,17.8,0.0,1.7,0.0,18.42048851,0.0,0.0
2024-11-04 11:00,19.9,0.0,2.4,0.0,20.57449933,0.0,0.0
2024-11-04 12:00,19.5,0.0,4.3,0.0,19.59955145,0.0,0.0
2024-11-04 13:00,21.4,0.0,3.5,0.0,22.09306856,0.0,0.0
2024-11-04 14:00,21.0,0.0,3.4,0.0,21.62770915,0.0,0.0
2024-11-04 15:00,19.0,0.0,3.9,0.0,19.07367471,0.0,0.0
2024-11-04 16:00,16.1,0.0,4.6,0.0,15.31288756,0.0,0.0
2024-11-04 17:00,13.6,0.0,1.4,0.0,13.82928453,0.0,0.0
2024-11-04 18:00,13.0,0.0,2.5,0.0,12.36555131,0.0,0.0
2024-11-04 19:00,11.9,0.0,2.4,0.0,11.12355796,0.0,0.0
2024-11-04 20:00,11.2,0.0,2.4,0.0,10.29660059,0.0,0.0
2024-11-04 21:00,10.0,0.0,1.9,0.0,9.262575073,0.0,0.0
2024-11-04 22:00,9.7,0.0,1.5,0.0,9.294179143,0.0,0.0
2024-11-04 23:00,9.4,0.0,1.7,0.0,8.749451023,0.0,0.0
2024-11-05 0:00,9.1,0.0,1.6,0.0,8.504174302,0.0,0.0
2024-11-05 5:00,7.5,0.0,0.7,0.0,8.046844177,0.0,0.0
2024-11-05 6:00,7.5,0.0,0.9,0.0,7.647444537,0.0,0.0
2024-11-05 7:00,8.1,0.0,0.5,0.0,9.191304013,0.0,0.0
2024-11-05 8:00,9.1,0.0,0.3,0.0,10.91763151,0.0,0.0
2024-11-05 9:00,11.4,0.0,0.7,0.0,12.26349435,0.0,0.0
2024-11-05 10:00,13.2,0.0,1.4,0.0,13.37524118,0.0,0.0
2024-11-05 11:00,14.1,0.0,2.2,0.0,13.83538983,0.0,0.0
2024-11-05 12:00,15.0,0.0,2.1,0.0,14.94764823,0.0,0.0
2024-11-05 13:00,15.3,0.0,4.7,0.0,14.29001238,0.0,0.0
2024-11-05 14:00,15.3,0.0,3.9,0.0,14.53528165,0.0,0.0
2024-11-05 15:00,14.6,0.0,4.4,0.0,13.51068344,0.0,0.0
2024-11-05 16:00,12.8,0.0,3.5,0.0,11.63369509,0.0,0.0
2024-11-05 17:00,10.8,0.0,3.1,0.0,9.405719736,0.0,0.0
2024-11-05 18:00,9.1,0.0,2.4,0.0,7.815728478,0.0,0.0
2024-11-05 19:00,8.0,0.0,1.7,0.0,7.137611442,0.0,0.0
2024-11-05 20:00,7.4,0.0,2.7,0.0,5.580795574,0.0,0.0
2024-11-05 21:00,6.9,0.0,2.6,0.0,5.059579337,0.0,0.0
2024-11-05 22:00,6.3,0.0,1.6,0.0,5.294815233,0.0,0.0
2024-11-05 23:00,5.3,0.0,2.2,0.0,3.507469601,0.0,0.0
2024-11-06 0:00,5.7,0.0,1.0,0.0,5.480423694,0.0,0.0
2024-11-06 5:00,2.9,0.0,0.2,0.0,5.225504649,0.0,0.0
2024-11-06 6:00,2.5,0.0,0.3,0.0,4.166408396,0.0,0.0
2024-11-06 7:00,4.0,0.0,1.6,0.0,2.658555998,0.0,0.0
2024-11-06 8:00,8.0,0.0,1.2,0.0,7.7313903,0.0,0.0
2024-11-06 9:00,10.0,0.0,0.7,0.0,10.74982506,0.0,0.0
2024-11-06 10:00,11.5,0.0,2.6,0.0,10.52706534,0.0,0.0
2024-11-06 11:00,12.4,0.0,2.7,0.0,11.54088848,0.0,0.0
2024-11-06 12:00,13.1,0.0,3.1,0.0,12.17669019,0.0,0.0
2024-11-06 13:00,14.0,0.0,3.2,0.0,13.21738924,0.0,0.0
2024-11-06 14:00,13.9,0.0,3.1,0.0,13.140506,0.0,0.0
2024-11-06 15:00,13.4,0.0,1.8,0.0,13.2803506,0.0,0.0
2024-11-06 16:00,10.6,0.0,2.4,0.0,9.587779985,0.0,0.0
2024-11-06 17:00,8.3,0.0,1.7,0.0,7.483005638,0.0,0.0
2024-11-06 18:00,6.5,0.0,1.0,0.0,6.366974948,0.0,0.0
2024-11-06 19:00,6.0,0.0,0.4,0.0,7.317834815,0.0,0.0
2024-11-06 20:00,5.6,0.0,0.0,0.0,16.6004,0.0,0.0
2024-11-06 21:00,5.1,0.0,0.6,0.0,5.716014501,0.0,0.0
2024-11-06 22:00,4.1,0.0,1.0,0.0,3.707321184,0.0,0.0
2024-11-06 23:00,3.4,0.0,1.3,0.0,2.404200544,0.0,0.0
2024-11-07 0:00,2.9,0.0,1.1,0.0,2.184723806,0.0,0.0
2024-11-07 5:00,0.8,0.0,1.8,0.0,-1.287536841,0.0,0.0
2024-11-07 6:00,0.7,0.0,0.6,0.0,1.008044743,0.0,0.0
2024-11-07 7:00,2.3,0.0,0.1,0.0,5.66850636,0.0,0.0
2024-11-07 8:00,5.3,0.0,0.5,0.0,6.231427042,0.0,0.0
2024-11-07 9:00,8.4,0.0,0.2,0.0,10.71284321,0.0,0.0
2024-11-07 10:00,10.8,0.0,2.0,0.0,10.11178843,0.0,0.0
2024-11-07 11:00,12.1,0.0,1.4,0.0,12.126622,0.0,0.0
2024-11-07 12:00,14.5,0.0,1.9,0.0,14.4862966,0.0,0.0
2024-11-07 13:00,15.9,0.0,1.2,0.0,16.59989556,0.0,0.0
2024-11-07 14:00,16.0,0.0,1.8,0.0,16.28642261,0.0,0.0
2024-11-07 15:00,15.3,0.0,2.1,0.0,15.29850812,0.0,0.0
2024-11-07 16:00,13.6,0.0,1.7,0.0,13.58496977,0.0,0.0
2024-11-07 17:00,11.7,0.0,0.3,0.0,13.57720425,0.0,0.0
2024-11-07 18:00,9.7,0.0,2.3,0.0,8.596647864,0.0,0.0
2024-11-07 19:00,8.9,0.0,1.1,0.0,8.878730456,0.0,0.0
2024-11-07 20:00,7.9,0.0,0.0,0.0,18.02985,0.0,0.0
2024-11-07 21:00,7.0,0.0,1.7,0.0,5.986297455,0.0,0.0
2024-11-07 22:00,6.4,0.0,0.0,0.0,17.0976,0.0,0.0
2024-11-07 23:00,6.0,0.0,0.0,0.0,16.849,0.0,0.0
2024-11-08 0:00,5.2,0.0,1.2,0.0,4.588122614,0.0,0.0
2024-11-08 5:00,3.7,0.0,1.3,0.0,2.742916839,0.0,0.0
2024-11-08 6:00,3.5,0.0,1.7,0.0,1.956698502,0.0,0.0
2024-11-08 7:00,4.6,0.0,1.2,0.0,3.914565253,0.0,0.0
2024-11-08 8:00,7.7,0.0,0.7,0.0,8.263082647,0.0,0.0
2024-11-08 9:00,9.5,0.0,0.4,0.0,10.96420866,0.0,0.0
2024-11-08 10:00,12.0,0.0,0.8,0.0,12.74666787,0.0,0.0
2024-11-08 11:00,15.3,0.0,0.6,0.0,16.62994439,0.0,0.0
2024-11-08 12:00,17.6,0.0,1.3,0.0,18.43677188,0.0,0.0
2024-11-08 13:00,19.5,0.0,1.1,0.0,20.70480887,0.0,0.0
2024-11-08 14:00,17.9,0.0,0.3,0.0,19.91926232,0.0,0.0
2024-11-08 15:00,18.1,0.0,1.5,0.0,18.8769782,0.0,0.0
2024-11-08 16:00,16.0,0.0,0.5,0.0,17.54238547,0.0,0.0
2024-11-08 17:00,14.1,0.0,1.2,0.0,14.57922347,0.0,0.0
2024-11-08 18:00,13.0,0.0,1.0,0.0,13.57020389,0.0,0.0
2024-11-08 19:00,12.2,0.0,0.5,0.0,13.52540958,0.0,0.0
2024-11-08 20:00,11.3,0.0,1.7,0.0,10.9369476,0.0,0.0
2024-11-08 21:00,10.7,0.0,0.0,0.0,19.77005,0.0,0.0
2024-11-08 22:00,9.7,0.0,0.2,0.0,12.00985051,0.0,0.0
2024-11-08 23:00,9.2,0.0,0.3,0.0,11.01992277,0.0,0.0
2024-11-09 0:00,9.0,0.0,0.4,0.0,10.44329811,1.0,0.0
2024-11-09 5:00,7.3,0.0,0.1,0.0,10.45953921,1.0,0.0
2024-11-09 6:00,6.7,0.0,0.1,0.0,9.884615271,1.0,0.0
2024-11-09 7:00,7.5,0.0,0.0,0.0,17.78125,1.0,0.0
2024-11-09 8:00,8.8,0.0,0.2,0.0,11.11192238,1.0,0.0
2024-11-09 9:00,11.5,0.0,0.7,0.0,12.37161358,1.0,0.0
2024-11-09 10:00,14.6,0.0,1.1,0.0,15.23803677,1.0,0.0
2024-11-09 11:00,18.0,0.0,1.5,0.0,18.76289726,1.0,0.0
2024-11-09 12:00,19.2,0.0,1.9,0.0,19.94218353,1.0,0.0
2024-11-09 13:00,19.7,0.0,1.2,0.0,20.86575884,1.0,0.0
2024-11-09 14:00,19.0,0.0,0.8,0.0,20.38450337,1.0,0.0
2024-11-09 15:00,18.5,0.0,1.2,0.0,19.51864412,1.0,0.0
2024-11-09 16:00,17.6,0.0,1.7,0.0,18.19022571,1.0,0.0
2024-11-09 17:00,15.8,0.0,2.2,0.0,15.83055624,1.0,0.0
2024-11-09 18:00,14.2,0.0,0.7,0.0,15.29083293,1.0,0.0
2024-11-09 19:00,13.0,0.0,0.1,0.0,15.92131667,1.0,0.0
2024-11-09 20:00,12.2,0.0,1.0,0.0,12.68365264,1.0,0.0
2024-11-09 21:00,11.5,0.0,1.3,0.0,11.54954053,1.0,0.0
2024-11-09 22:00,10.8,0.0,0.2,0.0,13.10731822,1.0,0.0
2024-11-09 23:00,10.7,0.0,0.8,0.0,11.32821271,1.0,0.0
2024-11-10 0:00,10.1,0.0,0.8,0.0,10.67354109,1.0,0.0
2024-11-10 5:00,9.7,0.0,0.8,0.0,10.23709335,1.0,0.0
2024-11-10 6:00,9.6,0.0,0.0,0.0,19.0864,1.0,0.0
2024-11-10 7:00,10.0,0.0,1.4,0.0,9.742894457,1.0,0.0
2024-11-10 8:00,11.1,0.0,0.3,0.0,12.96345669,1.0,0.0
2024-11-10 9:00,13.3,0.0,0.9,0.0,14.02775418,1.0,0.0
2024-11-10 10:00,15.7,0.0,0.7,0.0,16.91262146,1.0,0.0
2024-11-10 11:00,17.1,0.0,1.1,0.0,18.02720621,1.0,0.0
2024-11-10 12:00,18.0,0.0,0.9,0.0,19.19800509,1.0,0.0
2024-11-10 13:00,19.4,0.0,0.9,0.0,20.73807983,1.0,0.0
2024-11-10 14:00,20.7,0.0,1.7,0.0,21.75929907,1.0,0.0
2024-11-10 15:00,19.8,0.0,1.3,0.0,20.92069138,1.0,0.0
2024-11-10 16:00,17.3,0.0,1.6,0.0,17.90301158,1.0,0.0
2024-11-10 17:00,15.6,0.0,1.3,0.0,16.17866324,1.0,0.0
2024-11-10 18:00,14.2,0.0,0.0,0.0,21.9453,1.0,0.0
2024-11-10 19:00,13.0,0.0,0.4,0.0,14.6105825,1.0,0.0
2024-11-10 20:00,12.3,0.0,0.1,0.0,15.25057207,1.0,0.0
2024-11-10 21:00,11.3,0.0,0.7,0.0,12.15537511,1.0,0.0
2024-11-10 22:00,10.3,0.0,1.4,0.0,10.08342696,1.0,0.0
2024-11-10 23:00,9.8,0.0,0.2,0.0,12.1096203,1.0,0.0
2024-11-11 0:00,9.0,0.0,0.8,0.0,9.473309799,0.0,0.0
2024-11-11 5:00,7.3,0.0,0.0,0.0,17.65695,0.0,0.0
2024-11-11 6:00,6.9,0.0,1.0,0.0,6.810250576,0.0,0.0
2024-11-11 7:00,7.9,0.0,0.1,0.0,11.03446316,0.0,0.0
2024-11-11 8:00,10.7,0.0,0.0,0.0,19.77005,0.0,0.0
2024-11-11 9:00,13.6,0.0,1.2,0.0,14.01792567,0.0,0.0
2024-11-11 10:00,16.0,0.0,1.2,0.0,16.71215512,0.0,0.0
2024-11-11 11:00,18.1,0.0,1.0,0.0,19.22196814,0.0,0.0
2024-11-11 12:00,19.6,0.0,1.0,0.0,20.88425175,0.0,0.0
2024-11-11 13:00,20.7,0.0,1.5,0.0,21.84308267,0.0,0.0
2024-11-11 14:00,21.5,0.0,0.8,0.0,23.11230176,0.0,0.0
2024-11-11 15:00,20.6,0.0,0.4,0.0,22.52842285,0.0,0.0
2024-11-11 16:00,18.1,0.0,0.9,0.0,19.30801043,0.0,0.0
2024-11-11 17:00,16.2,0.0,1.3,0.0,16.85609583,0.0,0.0
2024-11-11 18:00,14.8,0.0,0.2,0.0,17.09810991,0.0,0.0
2024-11-11 19:00,13.3,0.0,1.8,0.0,13.16473245,0.0,0.0
2024-11-11 20:00,13.1,0.0,0.0,0.0,21.26165,0.0,0.0
2024-11-11 21:00,12.0,0.0,0.4,0.0,13.56876141,0.0,0.0
2024-11-11 22:00,11.4,0.0,0.1,0.0,14.38818615,0.0,0.0
2024-11-11 23:00,10.9,0.0,1.4,0.0,10.76449197,0.0,0.0
2024-11-12 0:00,11.0,0.0,0.0,0.0,19.9565,0.0,0.0
2024-11-12 5:00,11.4,0.0,1.1,0.0,11.66789989,0.0,0.0
2024-11-12 6:00,10.8,0.0,0.5,0.0,12.04547109,0.0,0.0
2024-11-12 7:00,11.6,0.0,0.3,0.0,13.47491299,0.0,0.0
2024-11-12 8:00,14.2,0.0,0.7,0.0,15.29083293,0.0,0.0
2024-11-12 9:00,16.6,0.0,1.4,0.0,17.23460958,0.0,0.0
2024-11-12 10:00,17.5,0.0,2.7,0.0,17.62018325,0.0,0.0
2024-11-12 11:00,18.1,0.0,1.9,0.0,18.66527383,0.0,0.0
2024-11-12 12:00,19.0,0.0,1.8,0.0,19.75496724,0.0,0.0
2024-11-12 13:00,20.0,0.0,2.4,0.0,20.69263609,0.0,0.0
2024-11-12 14:00,20.2,0.0,1.1,0.0,21.48577631,0.0,0.0
2024-11-12 15:00,18.7,0.0,2.4,0.0,19.15685812,0.0,0.0
2024-11-12 16:00,16.4,0.0,2.4,0.0,16.43971248,0.0,0.0
2024-11-12 17:00,13.9,0.0,1.7,0.0,13.93036396,0.0,0.0
2024-11-12 18:00,12.6,0.0,0.3,0.0,14.49782558,0.0,0.0
2024-11-12 19:00,12.3,0.0,1.2,0.0,12.55855139,0.0,0.0
2024-11-12 20:00,11.9,0.0,0.9,0.0,12.48767944,0.0,0.0
2024-11-12 21:00,10.7,0.0,2.1,0.0,9.918656501,0.0,0.0
2024-11-12 22:00,10.0,0.0,0.5,0.0,11.19979196,0.0,0.0
2024-11-12 23:00,9.1,0.0,1.5,0.0,8.609693496,0.0,0.0
2024-11-13 0:00,8.6,0.0,0.1,0.0,11.70520776,0.0,0.0
2024-11-13 5:00,6.4,0.0,0.0,0.0,17.0976,0.0,0.0
2024-11-13 6:00,6.1,0.0,1.6,0.0,5.065575299,0.0,0.0
2024-11-13 7:00,7.2,0.0,0.0,0.0,17.5948,0.0,0.0
2024-11-13 8:00,9.7,0.0,0.9,0.0,10.06756199,0.0,0.0
2024-11-13 9:00,13.2,0.0,0.3,0.0,15.11157314,0.0,0.0
2024-11-13 10:00,16.0,0.0,1.2,0.0,16.71215512,0.0,0.0
2024-11-13 11:00,18.9,0.0,1.3,0.0,19.9045425,0.0,0.0
2024-11-13 12:00,19.6,0.0,1.5,0.0,20.58819231,0.0,0.0
2024-11-13 13:00,21.3,0.0,2.3,0.0,22.25643877,0.0,0.0
2024-11-13 14:00,20.6,0.0,1.2,0.0,21.87609489,0.0,0.0
2024-11-13 15:00,20.8,0.0,1.1,0.0,22.15517698,0.0,0.0
2024-11-13 16:00,18.7,0.0,1.2,0.0,19.74316324,0.0,0.0
2024-11-13 17:00,16.7,0.0,1.8,0.0,17.09574969,0.0,0.0
2024-11-13 18:00,15.3,0.0,1.8,0.0,15.47709553,0.0,0.0
2024-11-13 19:00,14.4,0.0,1.3,0.0,14.82379806,0.0,0.0
2024-11-13 20:00,13.6,0.0,0.7,0.0,14.64211752,0.0,0.0
2024-11-13 21:00,12.4,0.0,1.8,0.0,12.12416906,0.0,0.0
2024-11-13 22:00,11.7,0.0,0.0,0.0,20.39155,0.0,0.0
2024-11-13 23:00,11.3,0.0,1.0,0.0,11.68628248,0.0,0.0
2024-11-14 0:00,11.5,0.0,1.5,0.0,11.34763608,0.0,0.0
2024-11-14 5:00,9.3,0.0,0.8,0.0,9.800645606,0.0,0.0
2024-11-14 6:00,9.4,0.0,1.2,0.0,9.303024143,0.0,0.0
2024-11-14 7:00,10.1,0.0,0.1,0.0,13.14251761,0.0,0.0
2024-11-14 8:00,12.0,0.0,2.1,0.0,11.43904935,0.0,0.0
2024-11-14 9:00,13.2,0.0,0.4,0.0,14.81894672,0.0,0.0
2024-11-14 10:00,15.7,0.0,2.1,0.0,15.7663213,0.0,0.0
2024-11-14 11:00,18.1,0.0,3.6,0.0,18.05117486,0.0,0.0
2024-11-14 12:00,19.7,0.0,1.9,0.0,20.52259704,0.0,0.0
2024-11-14 13:00,18.8,0.0,0.3,0.0,20.83988366,0.0,0.0
2024-11-14 14:00,18.0,0.0,1.4,0.0,18.82376127,0.0,0.0
2024-11-14 15:00,17.3,0.0,0.4,0.0,19.09041323,0.0,0.0
2024-11-14 16:00,15.5,0.0,0.6,0.0,16.84394302,0.0,0.0
2024-11-14 17:00,14.8,0.1,1.0,0.0,15.56494422,0.0,0.0
2024-11-14 18:00,14.4,0.0,1.9,0.0,14.3702139,0.0,0.0
2024-11-14 19:00,14.1,0.0,1.6,0.0,14.23517264,0.0,0.0
2024-11-14 20:00,14.3,0.0,1.0,0.0,15.01084968,0.0,0.0
2024-11-14 21:00,13.7,0.0,1.0,0.0,14.34593624,0.0,0.0
2024-11-14 22:00,13.5,0.0,1.0,0.0,14.12429843,0.0,0.0
2024-11-14 23:00,13.4,0.0,0.2,0.0,15.70133282,0.0,0.0
2024-11-15 0:00,13.4,0.0,0.0,0.0,21.4481,0.0,0.0
2024-11-15 5:00,12.5,1.6,1.3,0.0,12.67859485,0.0,0.0
2024-11-15 6:00,12.4,0.0,1.1,0.0,12.78356767,0.0,0.0
2024-11-15 7:00,12.3,0.0,0.3,0.0,14.1909518,0.0,0.0
2024-11-15 8:00,12.7,3.6,0.3,0.0,14.60011684,0.0,0.0
2024-11-15 9:00,14.4,0.0,0.0,0.0,22.0696,0.0,0.0
2024-11-15 10:00,17.0,0.0,1.2,0.0,17.83475072,0.0,0.0
2024-11-15 11:00,18.1,0.1,2.0,0.0,18.61826992,0.0,0.0
2024-11-15 12:00,18.5,0.0,2.1,0.0,19.04101359,0.0,0.0
2024-11-15 13:00,18.7,0.0,3.0,0.0,18.95384772,0.0,0.0
2024-11-15 14:00,20.0,0.0,3.2,0.0,20.46383038,0.0,0.0
2024-11-15 15:00,19.5,0.0,3.7,0.0,19.7335415,0.0,0.0
2024-11-15 16:00,17.6,0.0,3.5,0.0,17.47148493,0.0,0.0
2024-11-15 17:00,16.7,0.0,3.3,0.0,16.44363604,0.0,0.0
2024-11-15 18:00,15.6,0.0,1.6,0.0,15.95447214,0.0,0.0
2024-11-15 19:00,13.8,0.0,1.7,0.0,13.81523257,0.0,0.0
2024-11-15 20:00,13.2,0.0,0.4,0.0,14.81894672,0.0,0.0
2024-11-15 21:00,13.6,0.0,1.4,0.0,13.82928453,0.0,0.0
2024-11-15 22:00,12.3,0.0,2.0,0.0,11.85969558,0.0,0.0
2024-11-15 23:00,12.2,0.0,1.3,0.0,12.33987856,0.0,0.0
2024-11-16 0:00,11.8,0.0,2.1,0.0,11.20514276,1.0,0.0
2024-11-16 5:00,11.8,0.0,1.0,0.0,12.24037701,1.0,0.0
2024-11-16 6:00,11.4,0.0,2.1,0.0,10.73732957,1.0,0.0
2024-11-16 7:00,12.3,0.0,0.3,0.0,14.1909518,1.0,0.0
2024-11-16 8:00,14.7,0.0,1.5,0.0,14.9982262,1.0,0.0
2024-11-16 9:00,18.0,0.0,1.6,0.0,18.70535134,1.0,0.0
2024-11-16 10:00,20.1,0.0,2.3,0.0,20.84335696,1.0,0.0
2024-11-16 11:00,21.0,0.0,2.0,0.0,21.99755708,1.0,0.0
2024-11-16 12:00,22.3,0.0,1.7,0.0,23.60140145,1.0,0.0
2024-11-16 13:00,23.1,0.0,2.3,0.0,24.3760615,1.0,0.0
2024-11-16 14:00,22.9,0.0,2.2,0.0,24.16331007,1.0,0.0
2024-11-16 15:00,21.9,0.0,1.1,0.0,23.38241153,1.0,0.0
2024-11-16 16:00,20.5,0.0,1.8,0.0,21.48923955,1.0,0.0
2024-11-16 17:00,19.7,0.0,1.6,0.0,20.65389078,1.0,0.0
2024-11-16 18:00,18.3,0.0,1.2,0.0,19.294125,1.0,0.0
2024-11-16 19:00,17.3,0.0,2.2,0.0,17.59099719,1.0,0.0
2024-11-16 20:00,17.0,0.0,2.0,0.0,17.33647133,1.0,0.0
2024-11-16 21:00,16.4,0.0,0.8,0.0,17.54759304,1.0,0.0
2024-11-16 22:00,15.6,0.0,1.0,0.0,16.45149547,1.0,0.0
2024-11-16 23:00,15.1,0.1,1.4,0.0,15.53194705,1.0,0.0
2024-11-17 0:00,15.3,0.0,0.6,0.0,16.62994439,1.0,0.0
2024-11-17 5:00,12.4,0.0,3.1,0.0,11.33335136,1.0,0.0
2024-11-17 6:00,11.6,0.0,2.2,0.0,10.90132159,1.0,0.0
2024-11-17 7:00,10.9,0.0,3.1,0.0,9.526196713,1.0,0.0
2024-11-17 8:00,10.3,0.0,4.4,0.0,8.185629102,1.0,0.0
2024-11-17 9:00,10.2,0.0,3.0,0.0,8.739247051,1.0,0.0
2024-11-17 10:00,10.3,0.0,3.0,0.0,8.859418823,1.0,0.0
2024-11-17 11:00,10.4,0.0,2.8,0.0,9.096003053,1.0,0.0
2024-11-17 12:00,10.7,0.0,3.0,0.0,9.340105914,1.0,0.0
2024-11-17 13:00,10.2,0.0,3.5,0.0,8.471558924,1.0,0.0
2024-11-17 14:00,10.1,0.0,3.0,0.0,8.619075278,1.0,0.0
2024-11-17 15:00,9.4,0.0,3.7,0.0,7.39621544,1.0,0.0
2024-11-17 16:00,7.8,0.0,2.2,0.0,6.441537849,1.0,0.0
2024-11-17 17:00,5.9,0.0,1.6,0.0,4.836335366,1.0,0.0
2024-11-17 18:00,5.5,0.0,0.2,0.0,7.819519244,1.0,0.0
2024-11-17 19:00,5.3,0.0,0.4,0.0,6.588560046,1.0,0.0
2024-11-17 20:00,5.5,0.0,3.1,0.0,3.020439994,1.0,0.0
2024-11-17 21:00,5.2,0.0,5.5,0.0,1.343478077,1.0,0.0
2024-11-17 22:00,4.1,0.0,3.7,0.0,0.922173052,1.0,0.0
2024-11-17 23:00,3.2,0.0,3.5,0.0,-0.041884598,1.0,0.0
2024-11-18 0:00,1.7,0.0,1.6,0.0,0.022296762,0.0,0.0
2024-11-18 5:00,-0.2,0.0,1.8,0.0,-2.443718383,0.0,0.0
2024-11-18 6:00,-0.6,0.0,2.0,0.0,-3.172305949,0.0,0.0
2024-11-18 7:00,1.2,0.0,3.0,0.0,-2.076212482,0.0,0.0
2024-11-18 8:00,2.7,0.0,3.3,0.0,-0.50523492,0.0,0.0
2024-11-18 9:00,4.0,0.0,2.6,0.0,1.61268599,0.0,0.0
2024-11-18 10:00,4.6,0.0,3.3,0.0,1.794968997,0.0,0.0
2024-11-18 11:00,5.5,0.0,2.4,0.0,3.562804862,0.0,0.0
2024-11-18 12:00,7.0,0.0,2.2,0.0,5.50263601,0.0,0.0
2024-11-18 13:00,7.2,0.0,2.5,0.0,5.492340043,0.0,0.0
2024-11-18 14:00,7.4,0.0,2.4,0.0,5.807403437,0.0,0.0
2024-11-18 15:00,7.5,0.0,2.0,0.0,6.266392687,0.0,0.0
2024-11-18 16:00,5.3,0.0,1.9,0.0,3.806688142,0.0,0.0
2024-11-18 17:00,3.4,0.0,1.3,0.0,2.404200544,0.0,0.0
2024-11-18 18:00,2.6,0.0,2.3,0.0,0.235913772,0.0,0.0
2024-11-18 19:00,1.9,0.0,1.6,0.0,0.251536696,0.0,0.0
2024-11-18 20:00,1.6,0.0,0.6,0.0,1.971038557,0.0,0.0
2024-11-18 21:00,1.5,0.0,1.5,0.0,-0.060458029,0.0,0.0
2024-11-18 22:00,0.7,0.0,0.7,0.0,0.694736185,0.0,0.0
2024-11-18 23:00,-0.3,0.0,1.3,0.0,-1.773300439,0.0,0.0
2024-11-19 0:00,-0.9,0.0,0.0,0.0,12.56065,0.0,0.0
2024-11-19 5:00,-1.8,0.0,0.8,0.0,-2.310779258,0.0,0.0
2024-11-19 6:00,-1.9,0.0,0.8,0.0,-2.419891194,0.0,0.0
2024-11-19 7:00,-0.7,0.0,0.0,0.0,12.68495,0.0,0.0
2024-11-19 8:00,2.0,0.0,1.0,0.0,1.38012414,0.0,0.0
2024-11-19 9:00,5.5,0.0,0.5,0.0,6.442846826,0.0,0.0
2024-11-19 10:00,8.5,0.0,1.4,0.0,8.040231929,0.0,0.0
2024-11-19 11:00,10.3,0.0,1.3,0.0,10.19467535,0.0,0.0
2024-11-19 12:00,12.3,0.0,0.6,0.0,13.41996501,0.0,0.0
2024-11-19 13:00,13.5,0.0,1.6,0.0,13.54745284,0.0,0.0
2024-11-19 14:00,13.0,0.0,2.5,0.0,12.36555131,0.0,0.0
2024-11-19 15:00,12.2,0.0,0.8,0.0,12.96489174,0.0,0.0
2024-11-19 16:00,10.9,0.0,2.2,0.0,10.07978248,0.0,0.0
2024-11-19 17:00,9.9,0.0,1.1,0.0,9.994398231,0.0,0.0
2024-11-19 18:00,9.0,0.0,0.7,0.0,9.668632705,0.0,0.0
2024-11-19 19:00,7.7,0.0,0.7,0.0,8.263082647,0.0,0.0
2024-11-19 20:00,7.1,0.0,0.1,0.0,10.2678979,0.0,0.0
2024-11-19 21:00,6.0,0.0,0.6,0.0,6.679008315,0.0,0.0
2024-11-19 22:00,5.3,0.0,0.0,0.0,16.41395,0.0,0.0
2024-11-19 23:00,4.2,0.0,0.2,0.0,6.522511946,0.0,0.0
2024-11-20 0:00,3.5,0.0,1.1,0.0,2.854124471,0.0,0.0
2024-11-20 5:00,0.7,0.0,0.5,0.0,1.368772019,0.0,0.0
2024-11-20 6:00,0.3,0.0,0.8,0.0,-0.019428608,0.0,0.0
2024-11-20 7:00,1.6,0.0,1.5,0.0,0.053622912,0.0,0.0
2024-11-20 8:00,3.5,0.0,0.8,0.0,3.472153335,0.0,0.0
2024-11-20 9:00,6.3,0.0,0.9,0.0,6.327380474,0.0,0.0
2024-11-20 10:00,8.5,0.0,1.3,0.0,8.162377573,0.0,0.0
2024-11-20 11:00,10.0,0.0,1.8,0.0,9.349333354,0.0,0.0
2024-11-20 12:00,12.7,0.0,1.4,0.0,12.80768701,0.0,0.0
2024-11-20 13:00,11.6,0.0,1.4,0.0,11.55906782,0.0,0.0
2024-11-20 14:00,11.0,0.0,0.7,0.0,11.83101741,0.0,0.0
2024-11-20 15:00,11.2,0.0,2.1,0.0,10.50342298,0.0,0.0
2024-11-20 16:00,10.3,0.0,0.8,0.0,10.89176496,0.0,0.0
2024-11-20 17:00,9.3,0.0,1.3,0.0,9.065621029,0.0,0.0
2024-11-20 18:00,9.3,0.0,0.1,0.0,12.37595236,0.0,0.0
2024-11-20 19:00,9.1,0.0,1.1,0.0,9.101864011,0.0,0.0
2024-11-20 20:00,8.2,0.0,1.1,0.0,8.097763013,0.0,0.0
2024-11-20 21:00,8.4,0.0,1.5,0.0,7.811126908,0.0,0.0
2024-11-20 22:00,8.3,0.0,0.5,0.0,9.402723797,0.0,0.0
2024-11-20 23:00,8.5,0.0,1.1,0.0,8.432463346,0.0,0.0
2024-11-21 0:00,8.2,0.0,0.1,0.0,11.32192513,0.0,0.0
2024-11-21 5:00,5.0,0.0,0.4,0.0,6.276013716,0.0,0.0
2024-11-21 6:00,4.6,0.0,0.7,0.0,4.911386357,0.0,0.0
2024-11-21 7:00,4.8,0.0,0.7,0.0,5.127624827,0.0,0.0
2024-11-21 8:00,6.7,0.0,0.7,0.0,7.181890295,0.0,0.0
2024-11-21 9:00,10.3,0.0,0.6,0.0,11.27997876,0.0,0.0
2024-11-21 10:00,13.3,0.0,1.5,0.0,13.40109302,0.0,0.0
2024-11-21 11:00,14.4,0.0,1.7,0.0,14.50602096,0.0,0.0
2024-11-21 12:00,14.1,0.0,1.2,0.0,14.57922347,0.0,0.0
2024-11-21 13:00,13.7,0.0,1.7,0.0,13.70010117,0.0,0.0
2024-11-21 14:00,13.7,0.0,2.9,0.0,12.99226436,0.0,0.0
2024-11-21 15:00,13.9,0.0,1.8,0.0,13.85844137,0.0,0.0
2024-11-21 16:00,12.6,0.0,2.0,0.0,12.20927701,0.0,0.0
2024-11-21 17:00,11.6,0.0,2.1,0.0,10.97123617,0.0,0.0
2024-11-21 18:00,11.5,0.0,2.1,0.0,10.85428287,0.0,0.0
2024-11-21 19:00,11.3,0.0,2.1,0.0,10.62037628,0.0,0.0
2024-11-21 20:00,10.4,0.0,2.2,0.0,9.492968827,0.0,0.0
2024-11-21 21:00,9.8,0.0,1.9,0.0,9.030409672,0.0,0.0
2024-11-21 22:00,9.7,0.0,2.5,0.0,8.454931107,0.0,0.0
2024-11-21 23:00,9.4,0.0,1.1,0.0,9.436564343,0.0,0.0
2024-11-22 0:00,9.4,0.0,1.0,0.0,9.580723247,0.0,0.0
2024-11-22 5:00,5.6,0.0,0.0,0.0,16.6004,0.0,0.0
2024-11-22 6:00,4.8,0.0,2.4,0.0,2.735847492,0.0,0.0
2024-11-22 7:00,4.8,0.0,0.3,0.0,6.51910736,0.0,0.0
2024-11-22 8:00,7.7,0.0,1.2,0.0,7.394611619,0.0,0.0
2024-11-22 9:00,8.8,0.0,4.6,0.0,6.240536416,0.0,0.0
2024-11-22 10:00,9.7,0.0,2.7,0.0,8.322438312,0.0,0.0
2024-11-22 11:00,11.1,0.0,2.9,0.0,9.87595896,0.0,0.0
2024-11-22 12:00,11.8,0.0,2.7,0.0,10.82567733,0.0,0.0
2024-11-22 13:00,12.4,0.0,2.1,0.0,11.90686253,0.0,0.0
2024-11-22 14:00,12.1,0.0,2.6,0.0,11.24021569,0.0,0.0
2024-11-22 15:00,11.3,0.0,3.5,0.0,9.809385763,0.0,0.0
2024-11-22 16:00,8.9,0.0,3.1,0.0,7.116657187,0.0,0.0
2024-11-22 17:00,7.0,0.0,2.1,0.0,5.591384549,0.0,0.0
2024-11-22 18:00,5.8,0.0,3.2,0.0,3.313919687,0.0,0.0
2024-11-22 19:00,4.4,0.0,0.1,0.0,7.680740158,0.0,0.0
2024-11-22 20:00,4.5,0.0,0.7,0.0,4.803267121,0.0,0.0
2024-11-22 21:00,3.7,0.0,0.3,0.0,5.393903508,0.0,0.0
2024-11-22 22:00,2.8,0.0,0.7,0.0,2.965240123,0.0,0.0
2024-11-22 23:00,2.2,0.0,1.0,0.0,1.601761953,0.0,0.0
2024-11-23 0:00,1.3,0.0,1.8,0.0,-0.709446069,1.0,0.0
2024-11-23 5:00,-0.3,0.0,0.0,0.0,12.93355,1.0,0.0
2024-11-23 6:00,-0.3,0.0,1.2,0.0,-1.586153197,1.0,0.0
2024-11-23 7:00,0.1,0.0,0.0,0.0,13.18215,1.0,0.0
2024-11-23 8:00,2.6,0.0,0.2,0.0,4.926195273,1.0,0.0
2024-11-23 9:00,5.3,0.0,0.4,0.0,6.588560046,1.0,0.0
2024-11-23 10:00,8.8,0.0,1.0,0.0,8.915809806,1.0,0.0
2024-11-23 11:00,10.6,0.0,1.4,0.0,10.42395947,1.0,0.0
2024-11-23 12:00,10.8,0.0,1.4,0.0,10.65098114,1.0,0.0
2024-11-23 13:00,12.8,0.0,1.3,0.0,13.01731115,1.0,0.0
2024-11-23 14:00,12.6,0.0,0.6,0.0,13.74096295,1.0,0.0
2024-11-23 15:00,12.0,0.0,1.8,0.0,11.66169644,1.0,0.0
2024-11-23 16:00,10.0,0.0,1.8,0.0,9.349333354,1.0,0.0
2024-11-23 17:00,7.6,0.0,2.2,0.0,6.206812389,1.0,0.0
2024-11-23 18:00,6.8,0.0,1.0,0.0,6.699431669,1.0,0.0
2024-11-23 19:00,6.7,0.0,0.4,0.0,8.047109584,1.0,0.0
2024-11-23 20:00,5.5,0.0,0.1,0.0,8.734767386,1.0,0.0
2024-11-23 21:00,4.6,0.0,0.1,0.0,7.872381473,1.0,0.0
2024-11-23 22:00,3.9,0.0,0.2,0.0,6.22320257,1.0,0.0
2024-11-23 23:00,2.9,0.0,1.0,0.0,2.377494301,1.0,0.0
2024-11-24 0:00,2.6,0.0,1.0,0.0,2.045037581,1.0,0.0
2024-11-24 5:00,1.2,0.0,0.3,0.0,2.836622026,1.0,0.0
2024-11-24 6:00,0.8,0.0,1.1,0.0,-0.158178522,1.0,0.0
2024-11-24 7:00,1.3,0.0,0.0,0.0,13.92795,1.0,0.0
2024-11-24 8:00,4.4,0.0,0.1,0.0,7.680740158,1.0,0.0
2024-11-24 9:00,7.5,0.0,0.7,0.0,8.046844177,1.0,0.0
2024-11-24 10:00,9.6,0.0,1.1,0.0,9.659697898,1.0,0.0
2024-11-24 11:00,11.5,0.0,1.1,0.0,11.77946667,1.0,0.0
2024-11-24 12:00,12.9,0.0,1.9,0.0,12.62897339,1.0,0.0
2024-11-24 13:00,14.1,0.0,0.8,0.0,15.03801852,1.0,0.0
2024-11-24 14:00,14.6,0.0,1.1,0.0,15.23803677,1.0,0.0
2024-11-24 15:00,14.1,0.0,1.9,0.0,14.0219658,1.0,0.0
2024-11-24 16:00,11.5,0.0,1.9,0.0,11.00381558,1.0,0.0
2024-11-24 17:00,9.8,0.0,1.5,0.0,9.408260084,1.0,0.0
2024-11-24 18:00,8.0,0.0,2.0,0.0,6.849028406,1.0,0.0
2024-11-24 19:00,6.9,0.0,0.3,0.0,8.667223804,1.0,0.0
2024-11-24 20:00,5.7,0.0,1.2,0.0,5.149420415,1.0,0.0
2024-11-24 21:00,4.7,0.0,1.2,0.0,4.026824813,1.0,0.0
2024-11-24 22:00,4.3,0.0,1.3,0.0,3.420349431,1.0,0.0
2024-11-24 23:00,3.9,0.0,0.0,0.0,15.54385,1.0,0.0
2024-11-25 0:00,3.4,0.0,1.0,0.0,2.931588836,0.0,0.0
2024-11-25 5:00,1.7,0.0,0.6,0.0,2.07803787,0.0,0.0
2024-11-25 6:00,1.3,0.0,0.8,0.0,1.071690749,0.0,0.0
2024-11-25 7:00,2.1,0.0,0.7,0.0,2.208405477,0.0,0.0
2024-11-25 8:00,5.1,0.0,0.7,0.0,5.451982533,0.0,0.0
2024-11-25 9:00,8.8,0.0,1.3,0.0,8.501093869,0.0,0.0
2024-11-25 10:00,11.8,0.0,1.8,0.0,11.43046013,0.0,0.0
2024-11-25 11:00,14.6,0.0,1.4,0.0,14.96439288,0.0,0.0
2024-11-25 12:00,16.4,0.0,2.2,0.0,16.53473262,0.0,0.0
2024-11-25 13:00,16.7,0.0,3.2,0.0,16.47828776,0.0,0.0
2024-11-25 14:00,16.8,0.0,3.4,0.0,16.53120086,0.0,0.0
2024-11-25 15:00,15.2,0.0,4.7,0.0,14.16551945,0.0,0.0
2024-11-25 16:00,13.7,0.0,4.6,0.0,12.33019677,0.0,0.0
2024-11-25 17:00,13.4,0.0,5.5,0.0,11.68209744,0.0,0.0
2024-11-25 18:00,12.9,0.0,3.5,0.0,11.75531571,0.0,0.0
2024-11-25 19:00,13.0,0.0,4.3,0.0,11.56477277,0.0,0.0
2024-11-25 20:00,12.7,0.0,4.6,0.0,11.08740894,0.0,0.0
2024-11-25 21:00,12.5,0.0,4.8,0.0,10.77018267,0.0,0.0
2024-11-25 22:00,12.4,0.0,3.5,0.0,11.1472126,0.0,0.0
2024-11-25 23:00,10.6,0.3,3.9,0.0,8.770295854,0.0,0.0
2024-11-26 0:00,9.3,0.0,4.9,0.0,6.739625386,0.0,0.0
2024-11-26 5:00,8.9,8.5,0.5,0.0,10.03698315,0.0,0.0
2024-11-26 6:00,9.6,0.0,2.5,0.0,8.336427465,0.0,0.0
2024-11-26 7:00,9.4,0.0,1.2,0.0,9.303024143,0.0,0.0
2024-11-26 8:00,9.4,3.4,3.9,0.0,7.298384589,0.0,0.0
2024-11-26 9:00,9.0,0.0,3.3,0.0,7.121757014,0.0,0.0
2024-11-26 10:00,9.2,0.0,4.2,0.0,6.912499485,0.0,0.0
2024-11-26 11:00,10.5,0.6,4.5,0.0,8.392917378,0.0,0.0
2024-11-26 12:00,9.9,0.0,3.4,0.0,8.158365829,0.0,0.0
2024-11-26 13:00,8.5,0.0,4.8,0.0,5.78205088,0.0,0.0
2024-11-26 14:00,6.5,0.0,2.9,0.0,4.362495554,0.0,0.0
2024-11-26 15:00,6.2,0.0,2.7,0.0,4.150373275,0.0,0.0
2024-11-26 16:00,6.4,0.0,2.4,0.0,4.626035766,0.0,0.0
2024-11-26 17:00,6.0,0.0,2.0,0.0,4.518485532,0.0,0.0
2024-11-26 18:00,6.0,0.0,3.2,0.0,3.555467725,0.0,0.0
2024-11-26 19:00,5.8,0.0,2.2,0.0,4.094283251,0.0,0.0
2024-11-26 20:00,5.5,0.0,1.0,0.0,5.25878588,0.0,0.0
2024-11-26 21:00,5.6,0.0,1.5,0.0,4.616860557,0.0,0.0
2024-11-26 22:00,4.6,0.0,2.0,0.0,2.887105521,0.0,0.0
2024-11-26 23:00,4.8,0.0,2.2,0.0,2.920655952,0.0,0.0
2024-11-27 0:00,4.7,0.0,3.0,0.0,2.129799558,0.0,0.0
2024-11-27 5:00,2.8,0.0,1.9,0.0,0.904620626,0.0,0.0
2024-11-27 6:00,4.1,0.0,3.5,0.0,1.052700998,0.0,0.0
2024-11-27 7:00,4.3,0.0,4.2,0.0,0.866829615,0.0,0.0
2024-11-27 8:00,2.9,0.0,2.9,0.0,0.04761115,0.0,0.0
2024-11-27 9:00,3.7,0.0,4.5,0.0,-0.043209055,0.0,0.0
2024-11-27 10:00,4.7,0.0,3.9,0.0,1.533398798,0.0,0.0
2024-11-27 11:00,4.1,0.0,4.7,0.0,0.346803585,0.0,0.0
2024-11-27 12:00,5.0,0.0,2.8,0.0,2.641123821,0.0,0.0
2024-11-27 13:00,5.1,0.0,3.5,0.0,2.268907215,0.0,0.0
2024-11-27 14:00,2.9,0.7,1.7,0.0,1.26591011,0.0,0.0
2024-11-27 15:00,0.4,0.0,5.2,0.4,-4.546893787,0.0,0.0
2024-11-27 16:00,0.7,0.0,1.8,0.3,-1.403154995,0.0,0.0
2024-11-27 17:00,0.1,2.3,2.2,0.5,-2.595392354,0.0,0.0
2024-11-27 18:00,0.3,0.0,1.0,0.5,-0.503797277,0.0,0.0
2024-11-27 19:00,0.1,0.0,0.0,0.5,13.18215,0.0,0.0
2024-11-27 20:00,0.4,0.8,2.2,0.5,-2.243304164,0.0,0.0
2024-11-27 21:00,0.6,0.0,0.8,0.5,0.307907199,0.0,0.0
2024-11-27 22:00,0.5,0.0,2.6,0.5,-2.547357706,0.0,0.0
2024-11-27 23:00,0.8,0.0,2.0,0.5,-1.540925938,0.0,0.0
2024-11-28 0:00,1.0,0.0,2.9,0.5,-2.229688952,0.0,0.0
2024-11-28 5:00,1.3,0.0,1.3,0.4,0.033186473,0.0,0.0
2024-11-28 6:00,2.6,0.0,1.7,0.4,0.920515914,0.0,0.0
2024-11-28 7:00,2.5,0.0,2.6,0.4,-0.17018988,0.0,0.0
2024-11-28 8:00,5.1,0.0,2.1,0.3,3.369271924,0.0,0.0
2024-11-28 9:00,6.7,0.0,1.5,0.0,5.871750909,0.0,0.0
2024-11-28 10:00,6.7,0.0,2.3,0.0,5.063943318,0.0,0.0
2024-11-28 11:00,8.1,0.0,4.2,0.0,5.55530829,0.0,0.0
2024-11-28 12:00,8.2,0.0,1.8,0.0,7.268206577,0.0,0.0
2024-11-28 13:00,3.7,0.0,3.5,0.0,0.566218511,0.0,0.0
2024-11-28 14:00,3.4,2.1,3.3,0.0,0.342208629,0.0,0.0
2024-11-28 15:00,2.8,0.0,3.5,0.0,-0.528367085,0.0,0.0
2024-11-28 16:00,2.7,0.0,1.8,0.0,0.909208091,0.0,0.0
2024-11-28 17:00,2.6,2.4,1.1,0.0,1.850023473,0.0,0.0
2024-11-28 18:00,1.7,0.0,1.2,0.0,0.659038007,0.0,0.0
2024-11-28 19:00,1.5,0.0,0.3,0.0,3.143495804,0.0,0.0
2024-11-28 20:00,1.6,0.1,0.5,0.0,2.320161045,0.0,0.0
2024-11-28 21:00,1.7,0.0,0.6,0.0,2.07803787,0.0,0.0
2024-11-28 22:00,1.5,0.0,1.8,0.0,-0.47820976,0.0,0.0
2024-11-28 23:00,1.5,0.0,0.3,0.0,3.143495804,0.0,0.0
2024-11-29 0:00,1.3,0.0,1.7,0.0,-0.576192269,0.0,0.0
2024-11-29 5:00,-0.4,0.0,0.9,0.0,-1.042977211,0.0,0.0
2024-11-29 6:00,-0.6,0.0,1.3,0.0,-2.112016734,0.0,0.0
2024-11-29 7:00,-0.8,0.0,0.6,0.0,-0.596944947,0.0,0.0
2024-11-29 8:00,1.1,0.0,1.0,0.0,0.382753978,0.0,0.0
2024-11-29 9:00,2.8,0.0,1.7,0.0,1.150778711,0.0,0.0
2024-11-29 10:00,3.1,0.0,0.9,0.0,2.80720964,0.0,0.0
2024-11-29 11:00,4.7,0.0,2.1,0.0,2.90145874,0.0,0.0
2024-11-29 12:00,4.4,0.0,1.2,0.0,3.690046133,0.0,0.0
2024-11-29 13:00,4.1,0.0,1.0,0.0,3.707321184,0.0,0.0
2024-11-29 14:00,4.1,0.0,3.1,0.0,1.333762326,0.0,0.0
2024-11-29 15:00,3.5,0.0,1.8,0.0,1.834153325,0.0,0.0
2024-11-29 16:00,2.9,0.0,1.0,0.0,2.377494301,0.0,0.0
2024-11-29 17:00,2.3,0.3,0.6,0.0,2.720033746,0.0,0.0
2024-11-29 18:00,3.0,0.0,1.5,0.0,1.650756088,0.0,0.0
2024-11-29 19:00,3.2,0.0,1.6,0.0,1.741596264,0.0,0.0
2024-11-29 20:00,3.1,0.0,0.8,0.0,3.035705592,0.0,0.0
2024-11-29 21:00,2.6,0.0,1.4,0.0,1.343092652,0.0,0.0
2024-11-29 22:00,2.6,0.0,0.9,0.0,2.257182947,0.0,0.0
2024-11-29 23:00,2.3,0.1,0.8,0.0,2.162810106,0.0,0.0
2024-11-30 0:00,3.0,0.0,1.9,0.0,1.136786027,1.0,0.0
2024-11-30 5:00,0.0,0.0,1.1,0.0,-1.050712742,1.0,0.0
2024-11-30 6:00,0.0,0.0,1.1,0.0,-1.050712742,1.0,0.0
2024-11-30 7:00,1.0,0.0,1.1,0.0,0.064955033,1.0,0.0
2024-11-30 8:00,3.0,0.0,1.4,0.0,1.797135992,1.0,0.0
2024-11-30 9:00,4.0,0.0,1.7,0.0,2.532355495,1.0,0.0
2024-11-30 10:00,7.0,0.0,2.2,0.0,5.50263601,1.0,0.0
2024-11-30 11:00,8.0,0.0,2.8,0.0,6.227167839,1.0,0.0
2024-11-30 12:00,9.0,0.0,3.1,0.0,7.237134163,1.0,0.0
2024-11-30 13:00,9.0,0.0,3.1,0.0,7.237134163,1.0,0.0
2024-11-30 14:00,10.0,0.0,3.1,0.0,8.441903926,1.0,0.0
2024-11-30 15:00,9.0,0.0,2.5,0.0,7.625405609,1.0,0.0
2024-11-30 16:00,8.0,0.0,1.9,0.0,6.94092106,1.0,0.0
2024-11-30 17:00,7.0,0.0,1.7,0.0,5.986297455,1.0,0.0
2024-11-30 18:00,7.0,0.0,1.9,0.0,5.780094053,1.0,0.0
2024-11-30 19:00,7.0,0.0,1.9,0.0,5.780094053,1.0,0.0
2024-11-30 20:00,7.0,0.0,1.9,0.0,5.780094053,1.0,0.0
2024-11-30 21:00,4.0,0.0,1.9,0.0,2.297613034,1.0,0.0
2024-11-30 22:00,4.0,0.0,1.9,0.0,2.297613034,1.0,0.0
2024-11-30 23:00,4.0,0.0,1.9,0.0,2.297613034,1.0,0.0
2024-12-01 0:00,4.0,0.0,1.0,0.0,3.596502277,1.0,0.0
2024-12-01 5:00,2.0,0.0,1.0,0.0,1.38012414,1.0,0.0
2024-12-01 6:00,2.0,0.0,1.0,0.0,1.38012414,1.0,0.0
2024-12-01 7:00,3.0,0.0,1.0,0.0,2.488313208,1.0,0.0
2024-12-01 8:00,5.0,0.0,1.0,0.0,4.704691346,1.0,0.0
2024-12-01 9:00,7.0,0.0,1.0,0.0,6.921069483,1.0,0.0
2024-12-01 10:00,9.0,0.0,2.0,0.0,8.014299842,1.0,0.0
2024-12-01 11:00,11.0,0.0,2.0,0.0,10.34484272,1.0,0.0
2024-12-01 12:00,12.0,0.0,2.0,0.0,11.51011415,1.0,0.0
2024-12-01 13:00,13.0,0.0,2.0,0.0,12.67538559,1.0,0.0
2024-12-01 14:00,13.0,0.0,2.0,0.0,12.67538559,1.0,0.0
2024-12-01 15:00,12.0,0.0,2.0,0.0,11.51011415,1.0,0.0
2024-12-01 16:00,10.0,0.0,2.0,0.0,9.179571279,1.0,0.0
2024-12-01 17:00,9.0,0.0,2.0,0.0,8.014299842,1.0,0.0
2024-12-01 18:00,9.0,0.0,2.0,0.0,8.014299842,1.0,0.0
2024-12-01 19:00,8.0,0.0,2.0,0.0,6.849028406,1.0,0.0
2024-12-01 20:00,8.0,0.0,2.0,0.0,6.849028406,1.0,0.0
2024-12-01 21:00,7.0,0.0,2.0,0.0,5.683756969,1.0,0.0
2024-12-01 22:00,7.0,0.0,2.0,0.0,5.683756969,1.0,0.0
2024-12-01 23:00,6.0,0.0,1.0,0.0,5.812880414,1.0,0.0
